mdc,n_nk,n_all,n_genres,eta2,range_9010,mean_complexity,eta2_half_A,range_half_B
A1,551,856,13,0.74703561367233,3810,2658.28738317757,0.761694066608445,3821.2
A2,95,229,5,0.0675297567657004,2737.2,3453.1135371179,0.111401555126095,2178.5
A24,143,250,6,0.182872225920354,2468.7,3579.24,0.208499598247642,2217.5
Aa1,260,442,7,0.10304896057619,2176.3,2792.80995475113,0.128570587576926,2178.8
Aa2,18,57,3,0.513596367658599,1702.4,2893.29824561404,0.389737136918839,NaN
B1,44,179,4,0.670954384058025,2254.4,2385.74860335196,0.66921412994766,2344
D2,48,160,3,0.0975631425243761,1736.4,2624.83125,0.0595596436179243,1415.6
D21,671,1095,13,0.102326045215479,1545.2,2217.58721461187,0.129339349400007,1563
D28,39,122,5,0.233169978739462,2788.5,3197.54918032787,0.259517155808945,2433.2
D36,194,401,11,0.0630249997151777,1048,1700.36408977556,0.0908997338347077,999.6
D4,142,271,8,0.052470261203539,1808,3128.36531365314,0.105824191739538,1651.2
D46,126,295,6,0.109519563207648,1461.8,2177.5186440678,0.245087640774653,1299.2
D54,162,295,7,0.0792177010546021,1313.8,2249.34576271186,0.119436949446545,1398.4
D58,119,261,5,0.239097647003851,1189,1952.72030651341,0.382470291509705,1093.8
F18,18,79,3,0.146847653166825,1721,2332.55696202532,0.270128986039468,NaN
F34,30,75,3,0.468710889742294,1878.2,3426.70666666667,0.424427590903046,2048
F35,86,195,5,0.21099571227851,1698.4,2784.04615384615,0.241155107512849,1571.5
F4,27,84,4,0.0766678441513933,2441,3070.22619047619,0.352070516274432,1944.6
G1,293,553,13,0.19345840345843,2806.4,2667.82459312839,0.184621026386273,1834.6
G17,490,822,17,0.483115255328311,2616.8,2747.53527980535,0.588025284811617,2607
G37,28,109,4,0.288140641553542,1345.2,2428.48623853211,0.457879406218433,1986.6
G39,25,88,3,0.258310195491558,1575.2,2593.55681818182,0.581330174001362,1426
G41,43,99,3,0.264691919983074,2901,4291.17171717172,0.414343893062996,2724
G43,217,477,3,0.0980836785874289,1568.2,2874.34381551363,0.118715046105069,1521.6
G7,41,138,4,0.37309919828012,2966.3,2239.79710144928,0.411747305229869,1069.7
I10,95,189,4,0.0185362827874614,1695.6,2383.89947089947,0.0146391439185022,1669.8
I12,20,41,3,0.734645683447766,5077,4686.9756097561,0.74972874444083,NaN
I9,336,548,15,0.101487613322932,1637.8,2066.92518248175,0.0868708449908371,1691
M17,641,954,14,0.109251264437716,1238.4,2105.63836477987,0.144765590199401,1200.2
M18,21,58,3,0.127335471753169,2143.4,3427.60344827586,0.259137372966065,NaN
M2,28,68,3,0.111359534290252,1994.8,3272.17647058824,0.132914842787113,3017.8
M23,40,109,4,0.122834662401959,1541.2,2770.42201834862,0.402090117879091,1355
M3,103,145,6,0.23658829468939,1614,2501.51724137931,0.313256638670724,1634.8
M40,26,54,3,0.154487616095125,1194.4,1999.53703703704,0.332135886149876,1294.5
N23,21,95,3,0.237091261825952,1878.6,1850.45263157895,0.473873854255201,1231.8
N29,50,142,3,0.122305544124728,1443.8,2387.32394366197,0.185763129393359,1298.7
N31,21,66,3,0.472484928687337,3018.5,2911.81818181818,0.526601144912111,1592.9
N35,860,1364,19,0.0697364431743948,1000.2,1335.06085043988,0.0653394801626437,1006.6
N37,72,166,4,0.114164909278554,2149,3514.23493975904,0.0812375713827308,2133.4
N41,25,92,4,0.25274531163381,1695.3,2711.20652173913,0.439821768906163,1553
N5,257,341,7,0.0702863193565364,2027,2170.74780058651,0.0890564290574567,1657
O1,123,260,7,0.300752835673369,1738,2428.75384615385,0.351146839871802,1717.4
O34,66,159,4,0.034025889053261,1500.6,2295.61006289308,0.243199661314996,1674.4
O50,55,113,4,0.0223979806698767,1690.6,2070.85840707965,0.159481892638842,1932.6
P1,15,49,3,0.604413995614954,2880.8,3167.44897959184,NaN,NaN
P6,21,56,3,0.219396063464696,2006.5,3096.46428571429,0.303252676151742,NaN
Q3,166,315,9,0.207941175004405,1937.2,2972.58095238095,0.240588612363978,2009
R8,36,93,4,0.146352223934164,1289.2,2493.03225806452,0.180933131876135,1144
S29,270,514,9,0.0715274311829958,1184.5,2290.5,0.0965232460627328,1174.8
V19,107,137,3,0.00274912669537611,1694.6,3060.11678832117,0.0173391491591477,1480
V28,177,340,8,0.172791345574236,1515.6,2240.5,0.142993909381303,1351.5
V29,16,54,3,0.107334084656782,2650.8,4193.16666666667,NaN,NaN
V30,186,302,11,0.219580962254072,2539.3,3574.10927152318,0.254525347624354,2752.8
V31,180,350,4,0.168409316392624,1851.2,2622.50857142857,0.223964905862472,1196.2
W24,70,155,4,0.00100892990522599,1687.8,2074.30967741936,0.0379727986106623,1403.3
X1,800,1252,18,0.0700155463716373,853.7,1026.22204472843,0.135746621496129,914
Y1,270,420,14,0.261756392370646,2473,2367.04761904762,0.32590137863597,2186.8
Y3,85,144,7,0.136076189936802,1795.6,3289.36805555556,0.260143013485972,2582
Y5,31,82,4,0.212906040901502,2311.2,3696.60975609756,0.20733115639913,1406.7
Z1,505,749,12,0.125766534313584,929.2,1089.8437917223,0.149847947549433,1098.9
Z2,149,352,5,0.181809003843116,1709,2034.95454545455,0.164517089281603,1930.3
Z4,52,142,3,0.122767673043695,1364.3,1331.92957746479,0.103917524086817,967.8
Z5,50,94,3,0.0177907277499948,1302.3,1329.08510638298,0.0313751336569817,1218.5
Z7,392,517,16,0.0905769917649538,1278.8,1414.77176015474,0.102193935405822,1213
