sign,genre,n,mean,median,std,q25,q75,min,max,kw_p
N35,Erzählung,4,786.25,690.5,470.34056809933,405,1167.5,394,1370,6.20765995210003e-05
N35,Nicht spezifizierter Königlicher Text,5,801,704,273.0933906194,635.25,936.5,552,1256,6.20765995210003e-05
N35,Tempelbezogene Texte,6,892.166666666667,845,342.942220595054,597,963,591,1512,6.20765995210003e-05
N35,Götternamen und -Titel,2,860,860,475.17575695736,524,1196,524,1196,6.20765995210003e-05
N35,Fürbitte,7,1006.28571428571,961,504.328171691712,669.5,1138,465,2008,6.20765995210003e-05
N35,Gerichtsurkunde/Zeugenaussage,5,932.2,970,407.86541898033,576.75,1144.5,540,1554,6.20765995210003e-05
N35,Namensvermerk,2,1017.5,1017.5,680.943830282645,536,1499,536,1499,6.20765995210003e-05
N35,Anruf,18,1135.61111111111,1025.5,386.953430681703,934,1225,534,2080,6.20765995210003e-05
N35,Lehre,46,1155.41304347826,1113.5,373.012098468488,857,1353,618,2145,6.20765995210003e-05
N35,Brief,10,1192.3,1132.5,297.136724982513,1069,1295,784,1883,6.20765995210003e-05
N35,Literarischer Text,2,1161,1161,630.7392488184,715,1607,715,1607,6.20765995210003e-05
N35,Medizinischer Text,4,1063.25,1161,643.8459313635,657.5,1469,190,1741,6.20765995210003e-05
N35,Namenliste/Onomasticon,14,1303.5,1200.5,344.71119461414,1100,1479,894,2252,6.20765995210003e-05
N35,Prophezeiung,30,1223.26666666667,1214,308.552676253162,1042,1416,633,1841,6.20765995210003e-05
N35,Kolophon,22,1220.18181818182,1234,354.106338126415,866,1474,659,1913,6.20765995210003e-05
N35,Historischer Vermerk,15,1122.4,1248,409.752852339065,688.25,1438.25,501,1677,6.20765995210003e-05
N35,Juristische Urkunde,4,1258,1267,241.696779733064,1052,1464,1007,1491,6.20765995210003e-05
N35,Administrativer Text,246,1374.63821138211,1282,451.580710352537,1040,1626,512,3047,6.20765995210003e-05
N35,Kemit,300,1244.74,1284,337.621672456575,1011,1439.5,425,2474,6.20765995210003e-05
N35,Zahlungsliste,23,1442.91304347826,1308,605.089768925651,911.25,1860,773,3015,6.20765995210003e-05
N35,Besuchertext,76,1363,1341.5,399.670097288585,1044.5,1672.5,635,2271,6.20765995210003e-05
N35,Materialliste,3,1392.33333333333,1345,296.843954517072,1177.75,1618.75,1122,1710,6.20765995210003e-05
N35,Signatur,6,1322.33333333333,1408,394.161219130785,1265,1419,614,1820,6.20765995210003e-05
N35,Logbuch,6,1443.83333333333,1449,248.431412399211,1197,1503,1196,1869,6.20765995210003e-05
N35,Haushaltsliste,12,1565.91666666667,1452.5,590.001457368513,1060.5,1958.5,959,2772,6.20765995210003e-05
N35,Hymnus im Götterkult,13,1417.76923076923,1505,398.227981991504,1147.5,1568.75,690,2252,6.20765995210003e-05
N35,Opferformel ḥtp-ḏı͗-nsw.t,1,2064,2064,0,2064,2064,2064,2064,6.20765995210003e-05
X1,Götternamen und -Titel,1,478,478,0,478,478,478,478,0.00029070764619812
X1,Fürbitte,7,872.142857142857,775,243.534685121325,695.5,949.5,647,1355,0.00029070764619812
X1,Zahlungsliste,6,792.666666666667,775.5,257.875680642178,593,974,464,1174,0.00029070764619812
X1,Opferformel ḥtp-ḏı͗-nsw.t,3,843,786,211.345688387533,696,1004.25,666,1077,0.00029070764619812
X1,Historischer Vermerk,25,912.2,789,386.22478342713,635.25,1258,358,1681,0.00029070764619812
X1,Nicht spezifizierter Königlicher Text,4,842.75,797.5,310.272326620771,598,1087.5,542,1234,0.00029070764619812
X1,Literarischer Text,2,804,804,386.080302527855,531,1077,531,1077,0.00029070764619812
X1,Anruf,15,838.8,834,253.239638061885,666.25,1044.25,274,1209,0.00029070764619812
X1,Prophezeiung,14,860.5,859,245.041519244895,663,924,548,1467,0.00029070764619812
X1,Juristische Urkunde,3,783.333333333333,877,164.840326781202,664,879.25,593,880,0.00029070764619812
X1,Lehre,41,964.853658536585,891,269.47936479215,783.75,1139.5,469,1820,0.00029070764619812
X1,Logbuch,5,1139.6,897,681.447209987685,753.5,1352.25,656,2334,0.00029070764619812
X1,Besuchertext,104,971.721153846154,913.5,331.810756004982,734.5,1186.5,471,2250,0.00029070764619812
X1,Kemit,273,1011.76923076923,969,276.66076369341,818.25,1150,509,2244,0.00029070764619812
X1,Namenliste/Onomasticon,10,984.9,994,343.923263404951,761,1217,260,1459,0.00029070764619812
X1,Signatur,1,1011,1011,0,1011,1011,1011,1011,0.00029070764619812
X1,Administrativer Text,220,1080.33636363636,1013,426.178608071292,745,1309,313,2875,0.00029070764619812
X1,Kolophon,20,1051.5,1069,414.723941156549,754.5,1256.5,370,1919,0.00029070764619812
X1,Tempelbezogene Texte,12,1134.83333333333,1102,432.799519688301,867,1351.5,379,1982,0.00029070764619812
X1,Gerichtsurkunde/Zeugenaussage,9,1299,1153,520.459652614878,879.5,1752.25,682,2098,0.00029070764619812
X1,Hymnus im Götterkult,9,1260.11111111111,1158,372.997803091534,1001.25,1429.5,818,2052,0.00029070764619812
X1,Brief,9,1232.22222222222,1174,306.858182951741,1040.75,1539.75,764,1673,0.00029070764619812
X1,Haushaltsliste,13,1402.23076923077,1215,596.661846420868,970.5,1765,654,2754,0.00029070764619812
X1,Erzählung,8,1375.25,1371,480.982253904891,1117,1642.5,552,2189,0.00029070764619812
X1,Materialliste,4,1430.25,1540,427.148978694787,1111,1749.5,850,1791,0.00029070764619812
X1,Medizinischer Text,3,1449.33333333333,1540,364.556351382517,1171,1705,1048,1760,0.00029070764619812
X1,Namensvermerk,1,1788,1788,0,1788,1788,1788,1788,0.00029070764619812
X1,Rechnung,1,2253,2253,0,2253,2253,2253,2253,0.00029070764619812
D21,Zahlungsliste,3,1329,1258,123.842642090679,1257.25,1418.5,1257,1472,1.21118680126323e-10
D21,Signatur,1,1390,1390,0,1390,1390,1390,1390,1.21118680126323e-10
D21,Haushaltsliste,12,1579.66666666667,1509,666.414603863409,1016.5,1850.5,765,3213,1.21118680126323e-10
D21,Fürbitte,10,1673.4,1511,586.793016697067,1316,2211,862,2725,1.21118680126323e-10
D21,Anruf,2,1513.5,1513.5,368.402632998191,1253,1774,1253,1774,1.21118680126323e-10
D21,Rechnung,1,1518,1518,0,1518,1518,1518,1518,1.21118680126323e-10
D21,Nicht spezifizierter Königlicher Text,4,1779,1622.5,570.313948628297,1360,2198,1307,2564,1.21118680126323e-10
D21,Namenliste/Onomasticon,5,1707.4,1623,595.127969431785,1312.5,2033.5,1044,2635,1.21118680126323e-10
D21,Medizinischer Text,2,1669,1669,49.4974746830583,1634,1704,1634,1704,1.21118680126323e-10
D21,Kolophon,15,1843.8,1702,491.752870570458,1463.75,2326,1184,2700,1.21118680126323e-10
D21,Erzählung,3,1820.66666666667,1718,207.964740601221,1692.5,1974.5,1684,2060,1.21118680126323e-10
D21,Gerichtsurkunde/Zeugenaussage,5,1814,1725,608.808672737174,1508.5,2270.75,919,2540,1.21118680126323e-10
D21,Logbuch,1,1745,1745,0,1745,1745,1745,1745,1.21118680126323e-10
D21,Juristische Urkunde,3,1951,1854,388.686248792004,1678.5,2247.75,1620,2379,1.21118680126323e-10
D21,Brief,4,2087.75,1898,565.615520178386,1703.5,2472,1656,2899,1.21118680126323e-10
D21,Administrativer Text,131,2013.7786259542,1937,761.44488451563,1391.5,2486.5,753,4965,1.21118680126323e-10
D21,Hymnus im Götterkult,5,1992.8,1962,604.976611118149,1547.25,2236.25,1446,2990,1.21118680126323e-10
D21,Literarischer Text,4,1875.75,1968,298.371552486716,1684.5,2067,1445,2122,1.21118680126323e-10
D21,Besuchertext,62,1970.54838709677,1996.5,542.035740078038,1743,2317,710,3317,1.21118680126323e-10
D21,Tempelbezogene Texte,5,1805,2003,662.676768870013,1129.75,2348.75,1063,2513,1.21118680126323e-10
D21,Lehre,31,2017.25806451613,2052,460.441669685527,1626.5,2238.25,1123,3236,1.21118680126323e-10
D21,Materialliste,2,2118,2118,342.239682094289,1876,2360,1876,2360,1.21118680126323e-10
D21,Historischer Vermerk,18,2236.55555555556,2177.5,860.777638993282,1491,2772,948,3903,1.21118680126323e-10
D21,Prophezeiung,15,2188.6,2208,345.807089078785,1856.5,2466,1606,2716,1.21118680126323e-10
D21,Kemit,357,2353.47899159664,2319,592.226410291006,1976.75,2703.25,689,4927,1.21118680126323e-10
D21,Namensvermerk,1,2889,2889,0,2889,2889,2889,2889,1.21118680126323e-10
M17,Götternamen und -Titel,3,1568.33333333333,1480,640.087754400389,1102.75,2056,977,2248,1.99987028342385e-11
M17,Gerichtsurkunde/Zeugenaussage,4,1822.75,1728,678.028698999288,1409.5,2236,1098,2737,1.99987028342385e-11
M17,Tempelbezogene Texte,5,1820,1768,100.992573984427,1754,1900.5,1721,1968,1.99987028342385e-11
M17,Erzählung,10,1663.9,1780.5,324.469635627811,1421,1884,1100,2102,1.99987028342385e-11
M17,Historischer Vermerk,13,1792.46153846154,1782,537.541256615809,1268.75,2094.25,1155,2768,1.99987028342385e-11
M17,Namensvermerk,2,1796,1796,1111.57186002525,1010,2582,1010,2582,1.99987028342385e-11
M17,Kemit,210,1884.11904761905,1835.5,412.976255581032,1620,2095,1106,4141,1.99987028342385e-11
M17,Nicht spezifizierter Königlicher Text,3,1925,1901,102.13716267843,1853,2003,1837,2037,1.99987028342385e-11
M17,Zahlungsliste,3,1933.66666666667,1972,78.8310429547481,1875.25,1982.5,1843,1986,1.99987028342385e-11
M17,Besuchertext,50,2056.16,1988,451.326677469788,1744,2285,1348,3626,1.99987028342385e-11
M17,Haushaltsliste,26,2260.53846153846,1993,939.938263111753,1847,2412,845,5650,1.99987028342385e-11
M17,Fürbitte,12,1959.25,2078,633.878268353561,1387.5,2388,1082,3027,1.99987028342385e-11
M17,Medizinischer Text,2,2080.5,2080.5,427.799602617861,1778,2383,1778,2383,1.99987028342385e-11
M17,Literarischer Text,1,2087,2087,0,2087,2087,2087,2087,1.99987028342385e-11
M17,Brief,14,1973,2116,631.053697581093,1401,2439,981,3027,1.99987028342385e-11
M17,Prophezeiung,7,2211.42857142857,2176,338.908963756177,2020,2539.75,1678,2605,1.99987028342385e-11
M17,Kolophon,12,2218.75,2186,400.066159301411,2067.5,2493,1450,2825,1.99987028342385e-11
M17,Administrativer Text,215,2234.17674418605,2196,553.296642157708,1809,2510,1091,4363,1.99987028342385e-11
M17,Logbuch,3,2365.66666666667,2249,319.401523686618,2153,2607.5,2121,2727,1.99987028342385e-11
M17,Namenliste/Onomasticon,28,2355.82142857143,2265,680.950917553095,2086,2624.5,1247,4218,1.99987028342385e-11
M17,Lehre,32,2213.90625,2265.5,446.22519697042,1996.5,2545,1151,3006,1.99987028342385e-11
M17,Anruf,7,2213,2331,245.441778568089,2024.5,2426.5,1835,2463,1.99987028342385e-11
M17,Materialliste,2,2378,2378,585.484414822461,1964,2792,1964,2792,1.99987028342385e-11
M17,Juristische Urkunde,2,2388.5,2388.5,109.601551083915,2311,2466,2311,2466,1.99987028342385e-11
M17,Hymnus im Götterkult,2,2528.5,2528.5,243.951839509359,2356,2701,2356,2701,1.99987028342385e-11
A1,Anruf,1,687,687,0,687,687,687,687,3.10239680333876e-76
A1,Signatur,2,841.5,841.5,280.721392131059,643,1040,643,1040,3.10239680333876e-76
A1,Namenliste/Onomasticon,33,960.181818181818,917,353.145813948135,675.25,1135.5,448,1812,3.10239680333876e-76
A1,Juristische Urkunde,3,1048.33333333333,929,358.230838054645,806,1320.5,765,1451,3.10239680333876e-76
A1,Besuchertext,18,1079.11111111111,1055.5,428.676882139737,710,1285,520,2154,3.10239680333876e-76
A1,Haushaltsliste,39,1086.82051282051,1059,358.519607611404,891.25,1272.75,416,2314,3.10239680333876e-76
A1,Brief,13,1068.07692307692,1060,346.106067927753,907.5,1165.5,624,1990,3.10239680333876e-76
A1,Prophezeiung,8,1068.75,1104.5,344.178006270011,733,1357.5,630,1530,3.10239680333876e-76
A1,Zahlungsliste,14,1154.57142857143,1107,482.020062507092,858,1408,395,2276,3.10239680333876e-76
A1,Logbuch,2,1109.5,1109.5,796.909342397239,546,1673,546,1673,3.10239680333876e-76
A1,Administrativer Text,138,1293.23188405797,1141.5,628.652855708606,769,1768,349,2966,3.10239680333876e-76
A1,Nicht spezifizierter Königlicher Text,3,1085,1235,404.430463738824,779,1353.5,627,1393,3.10239680333876e-76
A1,Historischer Vermerk,5,1988.4,1257,1749.16016991012,1092,2594.75,624,5030,3.10239680333876e-76
A1,Kolophon,12,1366.83333333333,1338.5,369.462713909938,1103,1522,865,2297,3.10239680333876e-76
A1,Medizinischer Text,5,2004.6,1340,1615.16107555872,602,3730.25,593,3767,3.10239680333876e-76
A1,Lehre,14,1489.35714285714,1351,634.805676764746,1107,1590,901,3470,3.10239680333876e-76
A1,Literarischer Text,4,1307.75,1403,693.398093930656,778.5,1837,416,2009,3.10239680333876e-76
A1,Fürbitte,4,1418.5,1439.5,727.371752728044,842,1995,568,2227,3.10239680333876e-76
A1,Tempelbezogene Texte,5,1478.8,1498,425.711991844251,1141.5,1742,984,2093,3.10239680333876e-76
A1,Namensvermerk,2,1638,1638,356.38181771802,1386,1890,1386,1890,3.10239680333876e-76
A1,Erzählung,3,1787.33333333333,1736,280.544708261149,1586,2001.5,1536,2090,3.10239680333876e-76
A1,Gerichtsurkunde/Zeugenaussage,4,1801.5,1895,509.932348454185,1476.5,2126.5,1099,2317,3.10239680333876e-76
A1,Kemit,247,3820.28744939271,3802,926.530797910133,3208,4443.25,757,7855,3.10239680333876e-76
Z1,Signatur,2,720.5,720.5,159.099025766973,608,833,608,833,6.35148479875587e-07
Z1,Namensvermerk,3,774.666666666667,722,190.539584688677,642.5,920,616,986,6.35148479875587e-07
Z1,Opferformel ḥtp-ḏı͗-nsw.t,2,727,727,407.293505963451,439,1015,439,1015,6.35148479875587e-07
Z1,Fürbitte,7,731,760,223.729002739177,508,909.75,455,1025,6.35148479875587e-07
Z1,Rechnung,1,836,836,0,836,836,836,836,6.35148479875587e-07
Z1,Materialliste,2,906,906,463.862048458375,578,1234,578,1234,6.35148479875587e-07
Z1,Kemit,130,973.061538461538,922.5,299.917553369789,758,1131,495,2396,6.35148479875587e-07
Z1,Lehre,28,939,926.5,295.137130713717,745.5,1092.5,493,1498,6.35148479875587e-07
Z1,Medizinischer Text,2,985,985,373.352380466497,721,1249,721,1249,6.35148479875587e-07
Z1,Kolophon,9,972.888888888889,987,367.973315759596,695.75,1192,480,1665,6.35148479875587e-07
Z1,Historischer Vermerk,16,1017.125,1007,565.351439372007,442,1429,329,2095,6.35148479875587e-07
Z1,Nicht spezifizierter Königlicher Text,1,1033,1033,0,1033,1033,1033,1033,6.35148479875587e-07
Z1,Besuchertext,41,1061.73170731707,1037,328.2227158798,808.75,1312.75,375,1658,6.35148479875587e-07
Z1,Prophezeiung,15,935.866666666667,1037,307.537655456709,643.75,1142.75,484,1400,6.35148479875587e-07
Z1,Brief,8,1075.75,1083,339.642143607482,904.5,1325.5,440,1540,6.35148479875587e-07
Z1,Logbuch,3,1118,1092,252.007936382964,933,1309.5,880,1382,6.35148479875587e-07
Z1,Erzählung,3,1077,1169,266.202930111597,875,1256,777,1285,6.35148479875587e-07
Z1,Administrativer Text,212,1169.59433962264,1172.5,463.317969456062,777.5,1489.5,386,3085,6.35148479875587e-07
Z1,Juristische Urkunde,2,1181,1181,489.317892581091,835,1527,835,1527,6.35148479875587e-07
Z1,Tempelbezogene Texte,3,1228,1207,157.553165629891,1113.25,1348,1082,1395,6.35148479875587e-07
Z1,Anruf,4,1262.5,1214.5,288.774998917843,1033,1492,994,1627,6.35148479875587e-07
Z1,Namenliste/Onomasticon,7,1270.28571428571,1258,297.728463696769,1189.25,1424.75,722,1696,6.35148479875587e-07
Z1,Literarischer Text,2,1286.5,1286.5,194.454364826301,1149,1424,1149,1424,6.35148479875587e-07
Z1,Zahlungsliste,16,1195.6875,1294.5,369.930213013211,825,1481,670,1873,6.35148479875587e-07
Z1,Haushaltsliste,16,1694.8125,1543,609.906683436081,1173.5,1943.5,1074,3016,6.35148479875587e-07
Z1,Gerichtsurkunde/Zeugenaussage,2,1784.5,1784.5,48.7903679018718,1750,1819,1750,1819,6.35148479875587e-07
G17,Zahlungsliste,2,1055.5,1055.5,120.9152595829,970,1141,970,1141,2.20584968454696e-41
G17,Rechnung,1,1057,1057,0,1057,1057,1057,1057,2.20584968454696e-41
G17,Magischer Text,8,1434.75,1290,431.358236934718,1129.5,1790.5,910,2148,2.20584968454696e-41
G17,Literarischer Text,2,1495,1495,176.776695296637,1370,1620,1370,1620,2.20584968454696e-41
G17,Historischer Vermerk,11,1603.18181818182,1563,285.515259901049,1367.75,1758.25,1269,2128,2.20584968454696e-41
G17,Haushaltsliste,16,1535.4375,1575,418.20759896651,1223.5,1743.5,779,2509,2.20584968454696e-41
G17,Gerichtsurkunde/Zeugenaussage,5,1796.2,1614,494.877964754948,1382.5,2310.75,1312,2352,2.20584968454696e-41
G17,Hymnus im Götterkult,6,1868.5,1746.5,679.171775031913,1263,2115,1259,3081,2.20584968454696e-41
G17,Fürbitte,4,1779.25,1769.5,218.666222052393,1596,1962.5,1559,2019,2.20584968454696e-41
G17,Kolophon,10,1888.5,1779,441.61603483368,1565,2162,1393,2901,2.20584968454696e-41
G17,Besuchertext,27,1864.22222222222,1813,589.433713460727,1392.5,2144.5,1156,3818,2.20584968454696e-41
G17,Erzählung,5,1793.2,1823,407.518343145434,1587.25,2098.5,1144,2199,2.20584968454696e-41
G17,Lehre,39,2185.20512820513,1859,1086.93441867452,1493.5,2333.75,858,5601,2.20584968454696e-41
G17,Tempelbezogene Texte,6,1995.16666666667,1868,888.022165639274,1352,2906,931,3046,2.20584968454696e-41
G17,Juristische Urkunde,4,2140.75,1885,598.615833959198,1813.5,2468,1759,3034,2.20584968454696e-41
G17,Namensvermerk,1,1891,1891,0,1891,1891,1891,1891,2.20584968454696e-41
G17,Administrativer Text,150,1965.36,1918,516.195494937033,1646,2257,533,3801,2.20584968454696e-41
G17,Namenliste/Onomasticon,11,1886.63636363636,1935,532.69752631813,1438.5,2376,1065,2583,2.20584968454696e-41
G17,Anruf,6,2360.66666666667,2089.5,742.116612579631,1730,3243,1685,3327,2.20584968454696e-41
G17,Brief,9,2153.88888888889,2098,631.691468290582,1817,2266.5,1445,3570,2.20584968454696e-41
G17,Prophezeiung,12,2193.75,2132.5,528.320172381724,1786,2394,1489,3406,2.20584968454696e-41
G17,Logbuch,1,2512,2512,0,2512,2512,2512,2512,2.20584968454696e-41
G17,Opferformel ḥtp-ḏı͗-nsw.t,1,3041,3041,0,3041,3041,3041,3041,2.20584968454696e-41
G17,Nicht spezifizierter Königlicher Text,6,3011.16666666667,3233.5,924.01805537915,2106,3368,1797,4329,2.20584968454696e-41
G17,Medizinischer Text,2,3306,3306,2016.66853994403,1880,4732,1880,4732,2.20584968454696e-41
G17,Kemit,163,3467.74233128834,3461,985.842802865869,2933,3968.5,869,7333,2.20584968454696e-41
Z7,Prophezeiung,11,1039,960,321.608768537178,840,1143.75,743,1907,0.0026253746512904
Z7,Opferformel ḥtp-ḏı͗-nsw.t,5,995.8,997,327.254793700566,751.75,1292.75,547,1337,0.0026253746512904
Z7,Historischer Vermerk,8,1083.875,1081.5,243.384726307959,914,1287.5,684,1421,0.0026253746512904
Z7,Lehre,40,1116.675,1103.5,303.738449184196,905,1282,596,1909,0.0026253746512904
Z7,Anruf,5,1276.8,1114,436.109160646735,955,1652.5,817,1873,0.0026253746512904
Z7,Besuchertext,51,1319.8431372549,1245,378.880264598146,1042.25,1498.25,652,2292,0.0026253746512904
Z7,Kolophon,21,1314.28571428571,1251,263.502019509745,1147.5,1412.5,911,1916,0.0026253746512904
Z7,Zahlungsliste,2,1263.5,1263.5,700.742820155869,768,1759,768,1759,0.0026253746512904
Z7,Fürbitte,6,1286.33333333333,1265.5,267.469375193996,1146,1429,911,1701,0.0026253746512904
Z7,Administrativer Text,175,1364.04,1275,571.798527334645,974,1662.25,369,4007,0.0026253746512904
Z7,Brief,9,1391.44444444444,1310,463.791200625646,1083.75,1888.5,698,2057,0.0026253746512904
Z7,Juristische Urkunde,1,1311,1311,0,1311,1311,1311,1311,0.0026253746512904
Z7,Gerichtsurkunde/Zeugenaussage,3,1992,1324,1464.1355811536,1066.75,3084.25,981,3671,0.0026253746512904
Z7,Namenliste/Onomasticon,10,1263.4,1344,365.666879367911,997,1518,517,1765,0.0026253746512904
Z7,Hymnus im Götterkult,13,1466.07692307692,1377,547.383543404205,1036.5,1929.75,743,2461,0.0026253746512904
Z7,Erzählung,4,1363,1385.5,430.575583763563,1085,1641,815,1866,0.0026253746512904
Z7,Haushaltsliste,19,1627.89473684211,1477,792.726721494085,969.75,2094.75,683,3477,0.0026253746512904
Z7,Literarischer Text,5,1591.4,1573,290.068612572957,1383.5,1757.5,1262,2032,0.0026253746512904
Z7,Medizinischer Text,2,1601,1601,67.8822509939086,1553,1649,1553,1649,0.0026253746512904
Z7,Tempelbezogene Texte,6,1820.16666666667,1730,1122.54931591742,1047,2443,502,3469,0.0026253746512904
Z7,Logbuch,3,1660,1748,672.333250702358,1148,2150,948,2284,0.0026253746512904
Z7,Kemit,8,1822.375,1782,362.974197233278,1595.5,1876,1439,2633,0.0026253746512904
Z7,Nicht spezifizierter Königlicher Text,3,1898.33333333333,1813,381.231338341083,1628.5,2189.5,1567,2315,0.0026253746512904
I9,Signatur,1,1327,1327,0,1327,1327,1327,1327,0.00577929697948403
I9,Hymnus im Götterkult,7,1879.71428571429,1466,745.303453698719,1317.5,2521.5,1048,2952,0.00577929697948403
I9,Anruf,2,1468.5,1468.5,515.480843484993,1104,1833,1104,1833,0.00577929697948403
I9,Gerichtsurkunde/Zeugenaussage,5,1747.8,1471,918.771026970267,1080.5,2274.5,950,3242,0.00577929697948403
I9,Historischer Vermerk,5,1730.2,1591,829.874508585485,1194.25,1995.25,1057,3154,0.00577929697948403
I9,Prophezeiung,12,1867.91666666667,1648.5,889.737597510773,1107,2454,852,3691,0.00577929697948403
I9,Lehre,18,2056,1669.5,1075.31483761734,1468,1917,1060,5094,0.00577929697948403
I9,Besuchertext,44,1816.31818181818,1785,669.657766559081,1287,2072.5,686,3791,0.00577929697948403
I9,Fürbitte,9,1810,1825,675.922517748891,1235.5,2164,955,2956,0.00577929697948403
I9,Erzählung,8,1754,1883.5,572.120616653517,1316.5,2126,829,2551,0.00577929697948403
I9,Kolophon,7,1899.42857142857,1887,686.758777918141,1337.75,2569.5,1016,2782,0.00577929697948403
I9,Kemit,147,2027.55102040816,1947,536.319001163697,1705.5,2176,951,4549,0.00577929697948403
I9,Tempelbezogene Texte,8,2153.125,1974,712.160583315709,1656,2838.5,1140,3148,0.00577929697948403
I9,Namenliste/Onomasticon,6,1771.33333333333,2035,548.546321350045,1099,2164,1044,2251,0.00577929697948403
I9,Juristische Urkunde,4,2183.5,2080,679.261118176704,1637,2730,1549,3025,0.00577929697948403
I9,Medizinischer Text,2,2128.5,2128.5,225.567063198509,1969,2288,1969,2288,0.00577929697948403
I9,Brief,4,2167.75,2233.5,1076.54675544849,1375,2960.5,823,3381,0.00577929697948403
I9,Administrativer Text,45,2472.68888888889,2348,889.544873982354,1799.5,2889,1307,5004,0.00577929697948403
I9,Nicht spezifizierter Königlicher Text,3,2580.33333333333,2471,538.391431333499,2196.5,2991.5,2105,3165,0.00577929697948403
I9,Haushaltsliste,10,2640.3,2496.5,1172.65350096835,1675,3492,1182,4834,0.00577929697948403
I9,Logbuch,1,2558,2558,0,2558,2558,2558,2558,0.00577929697948403
I9,Literarischer Text,5,2503.6,2629,986.567686476706,1915,3340.75,961,3361,0.00577929697948403
G1,Literarischer Text,5,1553,1164,749.557536150495,1060.5,2036.75,945,2762,7.41958409837267e-08
G1,Gerichtsurkunde/Zeugenaussage,8,1329.125,1247.5,456.118542705731,1102,1658,587,2031,7.41958409837267e-08
G1,Fürbitte,1,1292,1292,0,1292,1292,1292,1292,7.41958409837267e-08
G1,Magischer Text,6,1661.33333333333,1575.5,373.062818660164,1458,2076,1165,2118,7.41958409837267e-08
G1,Materialliste,2,1618.5,1618.5,465.983368801935,1289,1948,1289,1948,7.41958409837267e-08
G1,Medizinischer Text,5,2079.6,1649,774.650437294139,1537.5,2783.25,1350,3132,7.41958409837267e-08
G1,Historischer Vermerk,3,1593.66666666667,1729,499.932328753936,1212.25,1941.25,1040,2012,7.41958409837267e-08
G1,Hymnus im Götterkult,4,2210.75,1778.5,1120.01975429008,1596,2825.5,1415,3871,7.41958409837267e-08
G1,Zahlungsliste,3,1525.66666666667,1805,494.248250713478,1167.5,1814,955,1817,7.41958409837267e-08
G1,Haushaltsliste,14,1931.92857142857,1918.5,567.229496939116,1517,2415,996,2785,7.41958409837267e-08
G1,Erzählung,4,1987.5,1982.5,517.558692323875,1570,2405,1412,2573,7.41958409837267e-08
G1,Namenliste/Onomasticon,13,1882.38461538462,1989,498.810675250229,1450.25,2345.25,1230,2611,7.41958409837267e-08
G1,Juristische Urkunde,7,2035.14285714286,2023,619.047501831491,1463.5,2635.75,1297,2821,7.41958409837267e-08
G1,Tempelbezogene Texte,8,2078.5,2064,697.143764636412,1463,2670,1151,3083,7.41958409837267e-08
G1,Administrativer Text,102,2075.57843137255,2071,733.62934008878,1473,2587,739,3914,7.41958409837267e-08
G1,Prophezeiung,2,2266,2266,231.931024229188,2102,2430,2102,2430,7.41958409837267e-08
G1,Opferformel ḥtp-ḏı͗-nsw.t,3,2138.66666666667,2272,512.18583866926,1747.75,2496.25,1573,2571,7.41958409837267e-08
G1,Kemit,77,2362.54545454545,2328,579.129804226601,2095.5,2580,964,4650,7.41958409837267e-08
G1,Nicht spezifizierter Königlicher Text,3,2056.33333333333,2397,601.345435946207,1620.75,2406.75,1362,2410,7.41958409837267e-08
G1,Lehre,8,2553.625,2482.5,503.134443123449,2103.5,3005,1956,3291,7.41958409837267e-08
G1,Besuchertext,33,2611.90909090909,2655,562.697096782339,2245,2980.5,1464,3904,7.41958409837267e-08
G1,Brief,1,2738,2738,0,2738,2738,2738,2738,7.41958409837267e-08
G1,Kolophon,4,2731.5,2765,530.303372294262,2344.5,3118.5,2066,3330,7.41958409837267e-08
G1,Anruf,7,3001.85714285714,3111,629.946671968199,2574.25,3474.5,1930,3717,7.41958409837267e-08
S29,Erzählung,3,1576.33333333333,1466,213.120466716206,1447.25,1733,1441,1822,0.0662013540351368
S29,Gerichtsurkunde/Zeugenaussage,3,1671.33333333333,1557,281.489490626796,1488,1883.25,1465,1992,0.0662013540351368
S29,Fürbitte,2,1702,1702,360.624458405139,1447,1957,1447,1957,0.0662013540351368
S29,Historischer Vermerk,9,1934.88888888889,1764,555.903194010532,1452.75,2467.75,1185,2729,0.0662013540351368
S29,Literarischer Text,2,1876,1876,432.749350086167,1570,2182,1570,2182,0.0662013540351368
S29,Opferformel ḥtp-ḏı͗-nsw.t,1,1899,1899,0,1899,1899,1899,1899,0.0662013540351368
S29,Tempelbezogene Texte,4,2057.25,2029.5,139.133928284944,1966.5,2148,1920,2250,0.0662013540351368
S29,Medizinischer Text,1,2041,2041,0,2041,2041,2041,2041,0.0662013540351368
S29,Prophezeiung,7,2086.14285714286,2070,361.109137967747,1866.5,2325.25,1521,2603,0.0662013540351368
S29,Besuchertext,29,2161.1724137931,2081,387.278791142719,1829,2446,1529,2895,0.0662013540351368
S29,Kemit,106,2175.69811320755,2167.5,397.398376822513,1869,2453,1188,3182,0.0662013540351368
S29,Anruf,4,2253,2210,257.116056804445,2042.5,2463.5,2027,2565,0.0662013540351368
S29,Administrativer Text,58,2327.72413793103,2237.5,569.141144061189,1901,2696,1174,3697,0.0662013540351368
S29,Logbuch,2,2260.5,2260.5,755.897149088419,1726,2795,1726,2795,0.0662013540351368
S29,Lehre,25,2343.72,2316,452.038670912125,2033,2578.75,1659,3483,0.0662013540351368
S29,Kolophon,13,2353.38461538462,2403,300.297224557476,2189.75,2598.75,1813,2722,0.0662013540351368
S29,Haushaltsliste,17,2496.35294117647,2408,968.149842559022,1734.75,2803.25,1506,5643,0.0662013540351368
S29,Nicht spezifizierter Königlicher Text,2,2441,2441,574.170706323477,2035,2847,2035,2847,0.0662013540351368
S29,Namenliste/Onomasticon,4,2329.5,2547,586.510869464497,1960.5,2698.5,1470,2754,0.0662013540351368
S29,Hymnus im Götterkult,6,2728.5,2787.5,551.010253988072,2325,3221,1896,3354,0.0662013540351368
S29,Brief,3,2769.33333333333,2870,183.9682943698,2635.25,2878.25,2557,2881,0.0662013540351368
S29,Rechnung,1,2939,2939,0,2939,2939,2939,2939,0.0662013540351368
S29,Juristische Urkunde,2,2957,2957,175.362481734264,2833,3081,2833,3081,0.0662013540351368
Y1,Haushaltsliste,8,1634.25,1073.5,1469.13645675663,816.5,1784,627,5099,6.53190290808493e-13
Y1,Erzählung,5,1706.8,1297,840.777437851421,1109,2605.75,818,2608,6.53190290808493e-13
Y1,Namenliste/Onomasticon,5,1671.8,1315,963.133531759745,1024,2217,832,3252,6.53190290808493e-13
Y1,Besuchertext,36,1513.75,1387,581.751020626522,1106,1690,748,2900,6.53190290808493e-13
Y1,Tempelbezogene Texte,7,2029.71428571429,1595,1367.44575934912,1327.75,2115.75,868,4981,6.53190290808493e-13
Y1,Administrativer Text,61,1760.26229508197,1644,823.502032008004,1129.25,2167.25,469,4104,6.53190290808493e-13
Y1,Literarischer Text,4,1718.25,1704.5,803.677122149602,1027.5,2409,957,2507,6.53190290808493e-13
Y1,Signatur,4,1651.75,1746,423.256718788964,1352,1951.5,1069,2046,6.53190290808493e-13
Y1,Juristische Urkunde,3,1728,1826,418.692010910168,1408.25,2023.25,1269,2089,6.53190290808493e-13
Y1,Brief,8,1789.125,1877,644.025606744683,1272.5,2180,872,2782,6.53190290808493e-13
Y1,Fürbitte,1,1930,1930,0,1930,1930,1930,1930,6.53190290808493e-13
Y1,Prophezeiung,4,1959.25,1955,782.563043253811,1323.5,2595,1093,2834,6.53190290808493e-13
Y1,Nicht spezifizierter Königlicher Text,3,1681.33333333333,1992,723.857260330608,1138.5,2146.5,854,2198,6.53190290808493e-13
Y1,Historischer Vermerk,5,2022.8,2061,781.322084674432,1467.75,2553,981,3057,6.53190290808493e-13
Y1,Gerichtsurkunde/Zeugenaussage,5,2189.2,2074,1667.6776367152,998.25,2802.25,732,4975,6.53190290808493e-13
Y1,Medizinischer Text,6,2076.16666666667,2162.5,481.571351584235,1677,2527,1352,2576,6.53190290808493e-13
Y1,Hymnus im Götterkult,4,2388.5,2170.5,1084.90690844883,1567.5,3209.5,1384,3829,6.53190290808493e-13
Y1,Kolophon,12,2132.83333333333,2321.5,750.597802159093,1430,2464.5,1109,3855,6.53190290808493e-13
Y1,Lehre,18,2347.88888888889,2431.5,549.128709747798,2066,2709,681,3339,6.53190290808493e-13
Y1,Kemit,88,2670.17045454545,2518,642.503637837385,2177,3141,1358,4536,6.53190290808493e-13
Y1,Anruf,4,2380,2597.5,1214.29677866108,1437,3323,808,3517,6.53190290808493e-13
Y1,Zahlungsliste,6,2492.66666666667,2695.5,755.277344203218,2426,2750,1073,3316,6.53190290808493e-13
Y1,Opferformel ḥtp-ḏı͗-nsw.t,1,3818,3818,0,3818,3818,3818,3818,6.53190290808493e-13
N5,Zahlungsliste,1,1162,1162,0,1162,1162,1162,1162,0.00269919457784238
N5,Nicht spezifizierter Königlicher Text,4,1345.75,1333.5,514.439743799019,950,1741.5,758,1958,0.00269919457784238
N5,Besuchertext,10,1500.1,1420,384.299492583584,1330,1718,854,2315,0.00269919457784238
N5,Historischer Vermerk,11,1574.36363636364,1434,680.11017823986,1056.25,2008.75,660,2870,0.00269919457784238
N5,Prophezeiung,2,1643,1643,285.671139599365,1441,1845,1441,1845,0.00269919457784238
N5,Namenliste/Onomasticon,2,1703.5,1703.5,624.375287787722,1262,2145,1262,2145,0.00269919457784238
N5,Lehre,5,1788.4,1723,231.21267266307,1586.5,1980.75,1582,2112,0.00269919457784238
N5,Medizinischer Text,4,1870.25,1772.5,1096.62250417665,967.5,2773,787,3149,0.00269919457784238
N5,Juristische Urkunde,2,1942.5,1942.5,293.449314192417,1735,2150,1735,2150,0.00269919457784238
N5,Rechnung,2,2021,2021,289.913780286484,1816,2226,1816,2226,0.00269919457784238
N5,Kemit,46,1993.19565217391,2046.5,549.494418920812,1697,2379,419,2921,0.00269919457784238
N5,Literarischer Text,4,1954,2066.5,912.850845793915,1296,2612,760,2923,0.00269919457784238
N5,Administrativer Text,164,2184.83536585366,2094.5,810.926889788515,1637.5,2772,493,4418,0.00269919457784238
N5,Materialliste,5,1930.8,2168,495.500454086573,1441.75,2263.75,1339,2479,0.00269919457784238
N5,Haushaltsliste,16,2380.3125,2363.5,700.017592040848,1925.5,2769,1029,3540,0.00269919457784238
N5,Erzählung,2,2391,2391,486.489465456345,2047,2735,2047,2735,0.00269919457784238
N5,Brief,3,2437,2522,776.994851977798,1846.25,3006.5,1621,3168,0.00269919457784238
N5,Hymnus im Götterkult,1,2746,2746,0,2746,2746,2746,2746,0.00269919457784238
N5,Tempelbezogene Texte,4,3019,3005.5,379.962278829535,2714.5,3323.5,2604,3461,0.00269919457784238
N5,Gerichtsurkunde/Zeugenaussage,3,4436.33333333333,4278,949.453702574977,3751.5,5160.75,3576,5455,0.00269919457784238
Aa1,Kolophon,7,1874.14285714286,1783,683.784670923878,1351.5,2488.25,993,2828,4.43542648408346e-05
Aa1,Literarischer Text,2,1936,1936,103.237590053236,1863,2009,1863,2009,4.43542648408346e-05
Aa1,Tempelbezogene Texte,3,2026.66666666667,1983,213.869898146825,1874.25,2190,1838,2259,4.43542648408346e-05
Aa1,Gerichtsurkunde/Zeugenaussage,2,2016,2016,7.07106781186548,2011,2021,2011,2021,4.43542648408346e-05
Aa1,Juristische Urkunde,2,2126.5,2126.5,344.361002437849,1883,2370,1883,2370,4.43542648408346e-05
Aa1,Erzählung,2,2143,2143,500.631601080076,1789,2497,1789,2497,4.43542648408346e-05
Aa1,Historischer Vermerk,6,2664.66666666667,2294.5,1562.12671274345,1568,2942,1330,5559,4.43542648408346e-05
Aa1,Haushaltsliste,3,2300.33333333333,2296,432.516281003771,1976.5,2625.25,1870,2735,4.43542648408346e-05
Aa1,Lehre,11,2405.27272727273,2395,422.233369337169,2092.75,2618,1862,3162,4.43542648408346e-05
Aa1,Besuchertext,5,2834.2,2487,577.794686718388,2432.75,3376.75,2306,3601,4.43542648408346e-05
Aa1,Administrativer Text,37,2589.72972972973,2509,671.24935955478,2239.25,2829.25,1076,3991,4.43542648408346e-05
Aa1,Anruf,1,2606,2606,0,2606,2606,2606,2606,4.43542648408346e-05
Aa1,Medizinischer Text,3,2595.33333333333,2648,742.402406605295,2033,3144.5,1828,3310,4.43542648408346e-05
Aa1,Prophezeiung,5,2913.8,2826,202.999261082399,2801.5,2984.75,2773,3269,4.43542648408346e-05
Aa1,Nicht spezifizierter Königlicher Text,3,2911,2842,259.474468878925,2730.25,3109,2693,3198,4.43542648408346e-05
Aa1,Brief,3,2845,2989,682.490292971263,2323.75,3330.25,2102,3444,4.43542648408346e-05
Aa1,Kemit,189,3168.18518518519,3140,991.130395157411,2475.5,3729,844,6954,4.43542648408346e-05
Aa1,Hymnus im Götterkult,3,3522.66666666667,3436,311.186974877377,3307,3760,3264,3868,4.43542648408346e-05
G43,Erzählung,1,1871,1871,0,1871,1871,1871,1871,0.0123069019166993
G43,Hymnus im Götterkult,2,2138.5,2138.5,33.2340187157677,2115,2162,2115,2162,0.0123069019166993
G43,Literarischer Text,4,2587.25,2295,730.100620919245,2115,3059.5,2105,3654,0.0123069019166993
G43,Tempelbezogene Texte,3,2316.66666666667,2359,376.290224870821,2030.5,2592.25,1921,2670,0.0123069019166993
G43,Administrativer Text,3,2924.66666666667,2583,713.724269822271,2480.25,3454.5,2446,3745,0.0123069019166993
G43,Kemit,207,2732.00483091787,2672,589.117692245238,2325.5,3113.5,1343,5076,0.0123069019166993
G43,Gerichtsurkunde/Zeugenaussage,2,2732.5,2732.5,84.1457069611992,2673,2792,2673,2792,0.0123069019166993
G43,Magischer Text,3,2681.66666666667,2743,323.391919090959,2434.75,2913.25,2332,2970,0.0123069019166993
G43,Besuchertext,5,2968.6,2970,514.950288862915,2510.75,3406.5,2375,3600,0.0123069019166993
G43,Medizinischer Text,2,3216.5,3216.5,68.5893577750951,3168,3265,3168,3265,0.0123069019166993
G43,Nicht spezifizierter Königlicher Text,1,3247,3247,0,3247,3247,3247,3247,0.0123069019166993
G43,Brief,2,3576.5,3576.5,197.282791951047,3437,3716,3437,3716,0.0123069019166993
G43,Haushaltsliste,5,4055.6,3707,1413.06769123068,3254,4602.75,2708,6435,0.0123069019166993
G43,Historischer Vermerk,1,4423,4423,0,4423,4423,4423,4423,0.0123069019166993
V30,Zahlungsliste,4,1717.75,1339.5,815.702304765654,1278.5,2157,1253,2939,4.08065621478775e-06
V30,Fürbitte,3,1747,1595,779.199589322274,1190,2342,1055,2591,4.08065621478775e-06
V30,Signatur,1,1842,1842,0,1842,1842,1842,1842,4.08065621478775e-06
V30,Magischer Text,11,2272.72727272727,2151,391.749688170671,2054,2490.75,1654,3099,4.08065621478775e-06
V30,Gerichtsurkunde/Zeugenaussage,7,3399.28571428571,2402,1524.48053603905,2383,4950,1741,5456,4.08065621478775e-06
V30,Literarischer Text,5,2707.8,2881,670.425014449789,2182.25,3072.25,1856,3622,4.08065621478775e-06
V30,Historischer Vermerk,5,2691.4,2891,679.673671698411,2040,3304,1851,3310,4.08065621478775e-06
V30,Juristische Urkunde,4,3182.25,2985,678.885054089915,2691.5,3673,2632,4127,4.08065621478775e-06
V30,Namenliste/Onomasticon,2,3058.5,3058.5,331.633080376491,2824,3293,2824,3293,4.08065621478775e-06
V30,Kolophon,3,3010.33333333333,3163,1549.65039067957,1833.25,4149.25,1390,4478,4.08065621478775e-06
V30,Lehre,9,3339.88888888889,3193,822.135092981142,2882.5,3568,2475,4896,4.08065621478775e-06
V30,Tempelbezogene Texte,8,3412.875,3515.5,824.899203799211,2959,4065.5,1879,4344,4.08065621478775e-06
V30,Administrativer Text,21,3534.42857142857,3526,926.781612432431,2590.25,4287.25,2298,5038,4.08065621478775e-06
V30,Kemit,77,3738.81818181818,3602,919.973179346933,3159,4160.75,1447,6694,4.08065621478775e-06
V30,Erzählung,5,3666.4,3684,211.935839347667,3507,3819,3384,3936,4.08065621478775e-06
V30,Brief,2,3761,3761,267.286363288515,3572,3950,3572,3950,4.08065621478775e-06
V30,Besuchertext,33,4072.75757575758,3924,999.388313867007,3435.25,4896,2407,6256,4.08065621478775e-06
V30,Nichtköniglicher Historischer Text,1,3961,3961,0,3961,3961,3961,3961,4.08065621478775e-06
V30,Medizinischer Text,2,4092.5,4092.5,484.368145112785,3750,4435,3750,4435,4.08065621478775e-06
V30,Anruf,5,4419.4,4101,825.762253920582,3766.5,5018,3738,5687,4.08065621478775e-06
V30,Hymnus im Götterkult,3,3921.66666666667,4191,811.254789405482,3305.25,4470.75,3010,4564,4.08065621478775e-06
V30,Haushaltsliste,3,3925.66666666667,4192,890.876160492205,3247,4537.75,2932,4653,4.08065621478775e-06
V30,Opferformel ḥtp-ḏı͗-nsw.t,3,4445,4290,831.407842156904,3849,5079.75,3702,5343,4.08065621478775e-06
V30,Nicht spezifizierter Königlicher Text,2,4411.5,4411.5,453.255446740577,4091,4732,4091,4732,4.08065621478775e-06
D36,Historischer Vermerk,4,1131,1065.5,263.252730280238,953,1309,892,1501,0.0558158796800138
D36,Erzählung,5,1172.8,1093,168.691137882225,1059,1348.75,984,1357,0.0558158796800138
D36,Tempelbezogene Texte,5,1440.8,1368,493.835701423054,1176.5,1882,707,1930,0.0558158796800138
D36,Kolophon,6,1494,1441.5,363.594279382941,1305,1584,1063,2129,0.0558158796800138
D36,Juristische Urkunde,2,1511,1511,147.078210486802,1407,1615,1407,1615,0.0558158796800138
D36,Besuchertext,23,1506.82608695652,1513,374.836043208944,1323.5,1768.25,722,2345,0.0558158796800138
D36,Nicht spezifizierter Königlicher Text,1,1523,1523,0,1523,1523,1523,1523,0.0558158796800138
D36,Anruf,1,1529,1529,0,1529,1529,1529,1529,0.0558158796800138
D36,Literarischer Text,1,1541,1541,0,1541,1541,1541,1541,0.0558158796800138
D36,Administrativer Text,62,1705.79032258065,1575.5,596.445183528204,1369,1981,746,3428,0.0558158796800138
D36,Haushaltsliste,7,1724.85714285714,1589,916.927374181734,1072.25,2172.25,660,3363,0.0558158796800138
D36,Lehre,23,1619.73913043478,1591,413.61732614836,1342.75,1768,763,2514,0.0558158796800138
D36,Namenliste/Onomasticon,8,1659.125,1605.5,445.797980351767,1449,1981.5,898,2303,0.0558158796800138
D36,Fürbitte,2,1658,1658,817.415439051649,1080,2236,1080,2236,0.0558158796800138
D36,Medizinischer Text,2,1665.5,1665.5,81.317279836453,1608,1723,1608,1723,0.0558158796800138
D36,Kemit,43,1770.41860465116,1727,468.577037044738,1469,1939.5,1068,4116,0.0558158796800138
D36,Brief,7,1796.42857142857,1732,379.356409876366,1615.75,1909.5,1288,2520,0.0558158796800138
D36,Gerichtsurkunde/Zeugenaussage,2,1733,1733,60.8111831820431,1690,1776,1690,1776,0.0558158796800138
D36,Götternamen und -Titel,2,1759,1759,67.8822509939086,1711,1807,1711,1807,0.0558158796800138
D36,Opferformel ḥtp-ḏı͗-nsw.t,1,1837,1837,0,1837,1837,1837,1837,0.0558158796800138
D36,Prophezeiung,5,1853.4,1960,241.101223555585,1670.25,2044,1488,2044,0.0558158796800138
D36,Logbuch,2,2024.5,2024.5,603.162084352125,1598,2451,1598,2451,0.0558158796800138
D36,Materialliste,1,2125,2125,0,2125,2125,2125,2125,0.0558158796800138
D36,Hymnus im Götterkult,1,2568,2568,0,2568,2568,2568,2568,0.0558158796800138
V28,Literarischer Text,2,1513.5,1513.5,113.844191771034,1433,1594,1433,1594,8.70201815663557e-05
V28,Brief,2,1577.5,1577.5,386.787409309041,1304,1851,1304,1851,8.70201815663557e-05
V28,Haushaltsliste,6,1756.83333333333,1753,345.611583525012,1561,2066,1258,2150,8.70201815663557e-05
V28,Fürbitte,1,1788,1788,0,1788,1788,1788,1788,8.70201815663557e-05
V28,Magischer Text,7,2008.71428571429,1892,418.443829080126,1691,2283.75,1630,2760,8.70201815663557e-05
V28,Kemit,68,1936.20588235294,1926,500.458254445357,1557,2189.5,1086,3485,8.70201815663557e-05
V28,Erzählung,2,1986,1986,255.97265478953,1805,2167,1805,2167,8.70201815663557e-05
V28,Juristische Urkunde,2,2084,2084,186.676190233249,1952,2216,1952,2216,8.70201815663557e-05
V28,Lehre,9,2133.44444444444,2096,425.267889427097,1907.5,2390.75,1494,2780,8.70201815663557e-05
V28,Kolophon,7,2221.57142857143,2160,169.090564632149,2074.5,2352,2041,2486,8.70201815663557e-05
V28,Administrativer Text,51,2247.1568627451,2229,595.281021788836,1867,2568,852,4127,8.70201815663557e-05
V28,Prophezeiung,3,2496,2237,510.424333275756,2184.5,2872.25,2167,3084,8.70201815663557e-05
V28,Namenliste/Onomasticon,2,2304.5,2304.5,816.708332270462,1727,2882,1727,2882,8.70201815663557e-05
V28,Historischer Vermerk,4,2329.75,2339.5,539.769318011562,1907,2752.5,1698,2942,8.70201815663557e-05
V28,Anruf,3,2446.66666666667,2473,573.953250128731,2013.25,2873.5,1860,3007,8.70201815663557e-05
V28,Medizinischer Text,3,2287,2513,637.774254732817,1803.5,2714,1567,2781,8.70201815663557e-05
V28,Nicht spezifizierter Königlicher Text,2,2624,2624,15.556349186104,2613,2635,2613,2635,8.70201815663557e-05
V28,Hymnus im Götterkult,6,2509.66666666667,2628.5,488.176470824503,2277,2822,1678,3024,8.70201815663557e-05
V28,Tempelbezogene Texte,4,2578.5,2628.5,434.942524938641,2211.5,2945.5,2093,2964,8.70201815663557e-05
V28,Besuchertext,23,2600,2671,658.270323029846,2054,3229.75,1276,3742,8.70201815663557e-05
V28,Gerichtsurkunde/Zeugenaussage,3,3567.33333333333,3856,722.620462852619,3022.75,4039.75,2745,4101,8.70201815663557e-05
V31,Kolophon,1,1410,1410,0,1410,1410,1410,1410,0.000354679235978837
V31,Haushaltsliste,1,1885,1885,0,1885,1885,1885,1885,0.000354679235978837
V31,Erzählung,3,2687.66666666667,2061,1105.39691212403,2043.75,3488.25,2038,3964,0.000354679235978837
V31,Kemit,152,2240.55263157895,2210,496.116158016129,1917,2410.5,1094,4454,0.000354679235978837
V31,Tempelbezogene Texte,7,2593.42857142857,2239,737.802335123904,2154.5,3315.5,1925,3680,0.000354679235978837
V31,Nicht spezifizierter Königlicher Text,3,2268.66666666667,2240,296.042789699958,2051,2493.5,1988,2578,0.000354679235978837
V31,Literarischer Text,4,2345,2270,596.822139893173,1841.5,2848.5,1827,3013,0.000354679235978837
V31,Brief,2,2318.5,2318.5,181.726442764943,2190,2447,2190,2447,0.000354679235978837
V31,Prophezeiung,1,2365,2365,0,2365,2365,2365,2365,0.000354679235978837
V31,Lehre,13,2304.84615384615,2423,504.82634739645,2019.5,2592.75,1322,3270,0.000354679235978837
V31,Zahlungsliste,1,2492,2492,0,2492,2492,2492,2492,0.000354679235978837
V31,Medizinischer Text,3,2731,2721,584.064208798998,2294.25,3170.25,2152,3320,0.000354679235978837
V31,Besuchertext,1,2880,2880,0,2880,2880,2880,2880,0.000354679235978837
V31,Hymnus im Götterkult,1,3147,3147,0,3147,3147,3147,3147,0.000354679235978837
V31,Juristische Urkunde,2,3281,3281,1053.58910396796,2536,4026,2536,4026,0.000354679235978837
V31,Gerichtsurkunde/Zeugenaussage,4,3359.75,3291.5,958.302100940339,2541,4178.5,2492,4364,0.000354679235978837
V31,Administrativer Text,8,3304.375,3604,528.543534495639,2827.5,3686,2419,3781,0.000354679235978837
V31,Fürbitte,1,7228,7228,0,7228,7228,7228,7228,0.000354679235978837
Q3,Lehre,6,2915,2536.5,1163.58566508874,2231,2884,2091,5211,3.84136603033014e-05
Q3,Magischer Text,5,2524.2,2561,682.30982698478,1996.75,3126.75,1594,3249,3.84136603033014e-05
Q3,Kemit,55,2784.94545454545,2710,484.049447205621,2439.25,3167.75,1835,3879,3.84136603033014e-05
Q3,Anruf,2,2799.5,2799.5,449.012806053458,2482,3117,2482,3117,3.84136603033014e-05
Q3,Juristische Urkunde,2,2835.5,2835.5,287.792459942925,2632,3039,2632,3039,3.84136603033014e-05
Q3,Literarischer Text,2,2939.5,2939.5,925.602776573191,2285,3594,2285,3594,3.84136603033014e-05
Q3,Historischer Vermerk,9,2885.77777777778,2982,604.425507771177,2659.25,3211,1551,3726,3.84136603033014e-05
Q3,Kolophon,11,3256.63636363636,3094,824.695006984676,2607,3717,2101,4931,3.84136603033014e-05
Q3,Nicht spezifizierter Königlicher Text,1,3131,3131,0,3131,3131,3131,3131,3.84136603033014e-05
Q3,Besuchertext,27,3295.25925925926,3256,828.280684151147,2637.75,3799.75,2168,5846,3.84136603033014e-05
Q3,Brief,4,3215.5,3268,972.658384703146,2381.5,4049.5,2223,4103,3.84136603033014e-05
Q3,Logbuch,2,3499,3499,592.555482634327,3080,3918,3080,3918,3.84136603033014e-05
Q3,Hymnus im Götterkult,5,3713.6,3514,789.353089561319,3232,4405,2656,4651,3.84136603033014e-05
Q3,Erzählung,2,3588,3588,77.7817459305202,3533,3643,3533,3643,3.84136603033014e-05
Q3,Medizinischer Text,2,3589,3589,956.008368164212,2913,4265,2913,4265,3.84136603033014e-05
Q3,Namenliste/Onomasticon,3,3701.66666666667,3677,764.298589121643,3131.75,4277.75,2950,4478,3.84136603033014e-05
Q3,Administrativer Text,41,3662.34146341463,3681,933.930661498917,3024,4219,2042,6631,3.84136603033014e-05
Q3,Prophezeiung,7,3357.71428571429,3683,751.069396324493,2614.75,3821.75,2386,4391,3.84136603033014e-05
Q3,Tempelbezogene Texte,3,3796.33333333333,3801,20.4042479237372,3780.75,3810.75,3774,3814,3.84136603033014e-05
Q3,Gerichtsurkunde/Zeugenaussage,3,3539.33333333333,3835,582.76610516856,3109.75,3895,2868,3915,3.84136603033014e-05
Q3,Materialliste,1,3970,3970,0,3970,3970,3970,3970,3.84136603033014e-05
Q3,Haushaltsliste,2,4334,4334,1500.48058967785,3273,5395,3273,5395,3.84136603033014e-05
Q3,Fürbitte,1,4725,4725,0,4725,4725,4725,4725,3.84136603033014e-05
