script,sessionId,sessionIndex,expert,metric,n,r,z
Hebrew,02c9d85e-1381-48e2-94b6-0fedb7369776,1,1,drawingTime,142,0.589416610960363,0.676771634054101
Hebrew,02c9d85e-1381-48e2-94b6-0fedb7369776,1,1,pathLength,142,0.615841902271688,0.718278610425519
Hebrew,02c9d85e-1381-48e2-94b6-0fedb7369776,1,1,skeletonPixelCount,142,0.610911709038151,0.710374644845167
Hebrew,02c9d85e-1381-48e2-94b6-0fedb7369776,1,1,totalWorkProxy,142,0.157542780629655,0.15886593102142
Hebrew,02c9d85e-1381-48e2-94b6-0fedb7369776,1,1,workPerLength,142,-0.296028624677705,-0.305161134166569
Hebrew,02c9d85e-1381-48e2-94b6-0fedb7369776,1,1,meanSpeed,142,-0.236413173188394,-0.240971512197564
Hebrew,02c9d85e-1381-48e2-94b6-0fedb7369776,1,1,peakSpeed,142,0.0681415544632772,0.0682473158453014
Hebrew,02c9d85e-1381-48e2-94b6-0fedb7369776,1,1,rmsVstar,142,-0.293308812703315,-0.302182703559386
Hebrew,02c9d85e-1381-48e2-94b6-0fedb7369776,1,1,meanAccel,142,-0.312752337886076,-0.323593254091355
Hebrew,02c9d85e-1381-48e2-94b6-0fedb7369776,1,1,peakAccel,142,-0.151586731856559,-0.152764087799298
Hebrew,02c9d85e-1381-48e2-94b6-0fedb7369776,1,1,rmsAstar,142,0.329777685260114,0.342578791456208
Hebrew,02c9d85e-1381-48e2-94b6-0fedb7369776,1,1,meanJerk,142,-0.311706437064094,-0.322434377494649
Hebrew,02c9d85e-1381-48e2-94b6-0fedb7369776,1,1,peakJerk,142,-0.139907558337881,-0.140831287573833
Hebrew,02c9d85e-1381-48e2-94b6-0fedb7369776,1,1,rmsJstar,142,0.511332316990719,0.56453209815702
Hebrew,02c9d85e-1381-48e2-94b6-0fedb7369776,1,1,totalTurningAbs,142,0.454478629406399,0.490330402211193
Hebrew,02c9d85e-1381-48e2-94b6-0fedb7369776,1,1,peakTurningAbs,142,0.0695578234981011,0.0696703306104814
Hebrew,02c9d85e-1381-48e2-94b6-0fedb7369776,1,1,p95TurningAbs,142,-0.104812647343666,-0.105199010358324
Hebrew,02c9d85e-1381-48e2-94b6-0fedb7369776,1,1,meanTurning,142,0.119421137547465,0.119993749872867
Hebrew,8de2dba6-07df-4147-aea3-ecbffdf1f31d,2,0,drawingTime,139,0.437292144782862,0.468877790537117
Hebrew,8de2dba6-07df-4147-aea3-ecbffdf1f31d,2,0,pathLength,139,0.452515589334722,0.487859116907244
Hebrew,8de2dba6-07df-4147-aea3-ecbffdf1f31d,2,0,skeletonPixelCount,139,0.597591812559838,0.689392846075648
Hebrew,8de2dba6-07df-4147-aea3-ecbffdf1f31d,2,0,totalWorkProxy,139,0.31825493703834,0.329704171781771
Hebrew,8de2dba6-07df-4147-aea3-ecbffdf1f31d,2,0,workPerLength,139,-0.160346223052659,-0.161742035572724
Hebrew,8de2dba6-07df-4147-aea3-ecbffdf1f31d,2,0,meanSpeed,139,-0.0309779954260578,-0.0309879103374534
Hebrew,8de2dba6-07df-4147-aea3-ecbffdf1f31d,2,0,peakSpeed,139,0.127958263384236,0.128663572486263
Hebrew,8de2dba6-07df-4147-aea3-ecbffdf1f31d,2,0,rmsVstar,139,-0.124801084594774,-0.125455146449141
Hebrew,8de2dba6-07df-4147-aea3-ecbffdf1f31d,2,0,meanAccel,139,-0.101031545532403,-0.101377421872981
Hebrew,8de2dba6-07df-4147-aea3-ecbffdf1f31d,2,0,peakAccel,139,0.0483389918491058,0.0483766952894172
Hebrew,8de2dba6-07df-4147-aea3-ecbffdf1f31d,2,0,rmsAstar,139,0.29502994785861,0.304066888473928
Hebrew,8de2dba6-07df-4147-aea3-ecbffdf1f31d,2,0,meanJerk,139,-0.113435529432317,-0.113925869143311
Hebrew,8de2dba6-07df-4147-aea3-ecbffdf1f31d,2,0,peakJerk,139,0.137020665933096,0.137887962625674
Hebrew,8de2dba6-07df-4147-aea3-ecbffdf1f31d,2,0,rmsJstar,139,0.382174625913292,0.402603751204908
Hebrew,8de2dba6-07df-4147-aea3-ecbffdf1f31d,2,0,totalTurningAbs,139,0.411294094973089,0.437167806850539
Hebrew,8de2dba6-07df-4147-aea3-ecbffdf1f31d,2,0,peakTurningAbs,139,0.309620091451295,0.320125164719391
Hebrew,8de2dba6-07df-4147-aea3-ecbffdf1f31d,2,0,p95TurningAbs,139,-0.114584651787795,-0.115090124981196
Hebrew,8de2dba6-07df-4147-aea3-ecbffdf1f31d,2,0,meanTurning,139,-0.0121025337396952,-0.0121031246830057
Hebrew,86ff1615-215a-418f-9069-50443f08e727,3,0,drawingTime,142,0.480246112774934,0.523304119804973
Hebrew,86ff1615-215a-418f-9069-50443f08e727,3,0,pathLength,142,0.55760036220134,0.629344027553696
Hebrew,86ff1615-215a-418f-9069-50443f08e727,3,0,skeletonPixelCount,142,0.517817336704428,0.573352803705353
Hebrew,86ff1615-215a-418f-9069-50443f08e727,3,0,totalWorkProxy,142,0.496840666426708,0.545102528507593
Hebrew,86ff1615-215a-418f-9069-50443f08e727,3,0,workPerLength,142,0.140230679588041,0.141160875123242
Hebrew,86ff1615-215a-418f-9069-50443f08e727,3,0,meanSpeed,142,-0.157990493316353,-0.159325071875564
Hebrew,86ff1615-215a-418f-9069-50443f08e727,3,0,peakSpeed,142,-0.183187245833869,-0.185278625214938
Hebrew,86ff1615-215a-418f-9069-50443f08e727,3,0,rmsVstar,142,-0.210297898306901,-0.213483008677743
Hebrew,86ff1615-215a-418f-9069-50443f08e727,3,0,meanAccel,142,-0.029999775963046,-0.0300087806243591
Hebrew,86ff1615-215a-418f-9069-50443f08e727,3,0,peakAccel,142,0.0110118265491313,0.011012271680736
Hebrew,86ff1615-215a-418f-9069-50443f08e727,3,0,rmsAstar,142,0.363301719157686,0.380684442152476
Hebrew,86ff1615-215a-418f-9069-50443f08e727,3,0,meanJerk,142,0.0482764593031132,0.0483140164738416
Hebrew,86ff1615-215a-418f-9069-50443f08e727,3,0,peakJerk,142,0.113686337057284,0.114179953462804
Hebrew,86ff1615-215a-418f-9069-50443f08e727,3,0,rmsJstar,142,0.434855192545841,0.465868608648397
Hebrew,86ff1615-215a-418f-9069-50443f08e727,3,0,totalTurningAbs,142,0.462032861612602,0.499892819994187
Hebrew,86ff1615-215a-418f-9069-50443f08e727,3,0,peakTurningAbs,142,0.0669466728764596,0.0670469578309636
Hebrew,86ff1615-215a-418f-9069-50443f08e727,3,0,p95TurningAbs,142,0.12405249868553,0.124694788622145
Hebrew,86ff1615-215a-418f-9069-50443f08e727,3,0,meanTurning,142,0.199647722111844,0.202365624833504
Hebrew,15741ef2-6de2-49c7-ab0d-9db40cef7552,4,0,drawingTime,144,0.518911564346163,0.574849085066589
Hebrew,15741ef2-6de2-49c7-ab0d-9db40cef7552,4,0,pathLength,144,0.426973813027547,0.45618992452425
Hebrew,15741ef2-6de2-49c7-ab0d-9db40cef7552,4,0,skeletonPixelCount,144,0.586121487293526,0.671737257937846
Hebrew,15741ef2-6de2-49c7-ab0d-9db40cef7552,4,0,totalWorkProxy,144,0.372915532400229,0.391805317392564
Hebrew,15741ef2-6de2-49c7-ab0d-9db40cef7552,4,0,workPerLength,144,-0.147095331368406,-0.148170223096773
Hebrew,15741ef2-6de2-49c7-ab0d-9db40cef7552,4,0,meanSpeed,144,-0.0847350670736677,-0.084938745399269
Hebrew,15741ef2-6de2-49c7-ab0d-9db40cef7552,4,0,peakSpeed,144,-0.00104766480650307,-0.00104766518980949
Hebrew,15741ef2-6de2-49c7-ab0d-9db40cef7552,4,0,rmsVstar,144,-0.216094699203408,-0.219555856936861
Hebrew,15741ef2-6de2-49c7-ab0d-9db40cef7552,4,0,meanAccel,144,-0.170777196842009,-0.172467098846353
Hebrew,15741ef2-6de2-49c7-ab0d-9db40cef7552,4,0,peakAccel,144,-0.0136751391407882,-0.0136759916964462
Hebrew,15741ef2-6de2-49c7-ab0d-9db40cef7552,4,0,rmsAstar,144,0.470746556124545,0.511028997541963
Hebrew,15741ef2-6de2-49c7-ab0d-9db40cef7552,4,0,meanJerk,144,-0.0828184056669445,-0.0830085361309765
Hebrew,15741ef2-6de2-49c7-ab0d-9db40cef7552,4,0,peakJerk,144,0.0213866336916835,0.0213898952507305
Hebrew,15741ef2-6de2-49c7-ab0d-9db40cef7552,4,0,rmsJstar,144,0.517220585805403,0.572537764033181
Hebrew,15741ef2-6de2-49c7-ab0d-9db40cef7552,4,0,totalTurningAbs,144,0.149108312959714,0.150228348680105
Hebrew,15741ef2-6de2-49c7-ab0d-9db40cef7552,4,0,peakTurningAbs,144,-0.145606569615723,-0.146648875910572
Hebrew,15741ef2-6de2-49c7-ab0d-9db40cef7552,4,0,p95TurningAbs,144,-0.351385327637313,-0.367023349347578
Hebrew,15741ef2-6de2-49c7-ab0d-9db40cef7552,4,0,meanTurning,144,-0.192475852704985,-0.194907007416431
Hebrew,966c65df-c51e-42d8-aa9c-16f3e1db7de9,5,0,drawingTime,146,0.587315336897676,0.673557813529306
Hebrew,966c65df-c51e-42d8-aa9c-16f3e1db7de9,5,0,pathLength,146,0.575079401826049,0.65507932010144
Hebrew,966c65df-c51e-42d8-aa9c-16f3e1db7de9,5,0,skeletonPixelCount,146,0.617608033224457,0.721128820410596
Hebrew,966c65df-c51e-42d8-aa9c-16f3e1db7de9,5,0,totalWorkProxy,146,0.56822699273227,0.644900476098266
Hebrew,966c65df-c51e-42d8-aa9c-16f3e1db7de9,5,0,workPerLength,146,0.00553368158615169,0.00553373807064301
Hebrew,966c65df-c51e-42d8-aa9c-16f3e1db7de9,5,0,meanSpeed,146,-0.0746534563051897,-0.0747926065894733
Hebrew,966c65df-c51e-42d8-aa9c-16f3e1db7de9,5,0,peakSpeed,146,-0.213232825697024,-0.216555733716354
Hebrew,966c65df-c51e-42d8-aa9c-16f3e1db7de9,5,0,rmsVstar,146,-0.360754273053893,-0.37775275393008
Hebrew,966c65df-c51e-42d8-aa9c-16f3e1db7de9,5,0,meanAccel,146,-0.0368432036428497,-0.036859887820922
Hebrew,966c65df-c51e-42d8-aa9c-16f3e1db7de9,5,0,peakAccel,146,-0.0845429714460083,-0.0847452637139465
Hebrew,966c65df-c51e-42d8-aa9c-16f3e1db7de9,5,0,rmsAstar,146,0.49262340724245,0.539518506201126
Hebrew,966c65df-c51e-42d8-aa9c-16f3e1db7de9,5,0,meanJerk,146,0.00507919140797612,0.00507923508662603
Hebrew,966c65df-c51e-42d8-aa9c-16f3e1db7de9,5,0,peakJerk,146,-0.0850810531712202,-0.0852872439584795
Hebrew,966c65df-c51e-42d8-aa9c-16f3e1db7de9,5,0,rmsJstar,146,0.584921393979978,0.669911088493579
Hebrew,966c65df-c51e-42d8-aa9c-16f3e1db7de9,5,0,totalTurningAbs,146,0.346547205607289,0.361514337121406
Hebrew,966c65df-c51e-42d8-aa9c-16f3e1db7de9,5,0,peakTurningAbs,146,0.0925754903771188,0.0928413228177565
Hebrew,966c65df-c51e-42d8-aa9c-16f3e1db7de9,5,0,p95TurningAbs,146,-0.204352932468092,-0.207271005584525
Hebrew,966c65df-c51e-42d8-aa9c-16f3e1db7de9,5,0,meanTurning,146,-0.131032691581523,-0.131790437967841
Hebrew,2264674b-46d3-4ed9-9e4d-b35a3206b000,6,0,drawingTime,139,0.432525306450677,0.462998979435186
Hebrew,2264674b-46d3-4ed9-9e4d-b35a3206b000,6,0,pathLength,139,0.613517779256199,0.714543082093276
Hebrew,2264674b-46d3-4ed9-9e4d-b35a3206b000,6,0,skeletonPixelCount,139,0.614740875848346,0.71650680837824
Hebrew,2264674b-46d3-4ed9-9e4d-b35a3206b000,6,0,totalWorkProxy,139,0.46389682418281,0.502265291004993
Hebrew,2264674b-46d3-4ed9-9e4d-b35a3206b000,6,0,workPerLength,139,-0.0896708524645366,-0.0899123623517766
Hebrew,2264674b-46d3-4ed9-9e4d-b35a3206b000,6,0,meanSpeed,139,-0.0272567091363376,-0.0272634620726494
Hebrew,2264674b-46d3-4ed9-9e4d-b35a3206b000,6,0,peakSpeed,139,-0.0731527332276112,-0.0732836417584203
Hebrew,2264674b-46d3-4ed9-9e4d-b35a3206b000,6,0,rmsVstar,139,-0.24229290037272,-0.247208582716447
Hebrew,2264674b-46d3-4ed9-9e4d-b35a3206b000,6,0,meanAccel,139,-0.0559200904310157,-0.0559784884662881
Hebrew,2264674b-46d3-4ed9-9e4d-b35a3206b000,6,0,peakAccel,139,-0.00274539398446217,-0.00274540088201035
Hebrew,2264674b-46d3-4ed9-9e4d-b35a3206b000,6,0,rmsAstar,139,0.239499302291783,0.244242879723858
Hebrew,2264674b-46d3-4ed9-9e4d-b35a3206b000,6,0,meanJerk,139,0.0684358718142879,0.068543012133281
Hebrew,2264674b-46d3-4ed9-9e4d-b35a3206b000,6,0,peakJerk,139,0.0892193917351561,0.0894572606048079
Hebrew,2264674b-46d3-4ed9-9e4d-b35a3206b000,6,0,rmsJstar,139,0.241576510607078,0.246447653920185
Hebrew,2264674b-46d3-4ed9-9e4d-b35a3206b000,6,0,totalTurningAbs,139,0.148201581867794,0.149301127513538
Hebrew,2264674b-46d3-4ed9-9e4d-b35a3206b000,6,0,peakTurningAbs,139,0.124625024742015,0.125276305013156
Hebrew,2264674b-46d3-4ed9-9e4d-b35a3206b000,6,0,p95TurningAbs,139,-0.20948375698806,-0.212631348112795
Hebrew,2264674b-46d3-4ed9-9e4d-b35a3206b000,6,0,meanTurning,139,-0.0608800406867513,-0.0609554232376512
Hebrew,fd6ab5e9-b2a6-4189-a60d-c57e15c6b351,7,0,drawingTime,304,0.518395670358173,0.574143346163614
Hebrew,fd6ab5e9-b2a6-4189-a60d-c57e15c6b351,7,0,pathLength,304,0.472763531010405,0.51362335613932
Hebrew,fd6ab5e9-b2a6-4189-a60d-c57e15c6b351,7,0,skeletonPixelCount,304,0.565817095737098,0.641348594456359
Hebrew,fd6ab5e9-b2a6-4189-a60d-c57e15c6b351,7,0,totalWorkProxy,304,0.390893946026689,0.412854774520734
Hebrew,fd6ab5e9-b2a6-4189-a60d-c57e15c6b351,7,0,workPerLength,304,-0.21744115300996,-0.220968698048713
Hebrew,fd6ab5e9-b2a6-4189-a60d-c57e15c6b351,7,0,meanSpeed,304,-0.073920275406733,-0.0740553571177087
Hebrew,fd6ab5e9-b2a6-4189-a60d-c57e15c6b351,7,0,peakSpeed,304,-0.0740987871652597,-0.0742348520441571
Hebrew,fd6ab5e9-b2a6-4189-a60d-c57e15c6b351,7,0,rmsVstar,304,-0.113640781280802,-0.114133801429518
Hebrew,fd6ab5e9-b2a6-4189-a60d-c57e15c6b351,7,0,meanAccel,304,-0.195551198386902,-0.198102643751123
Hebrew,fd6ab5e9-b2a6-4189-a60d-c57e15c6b351,7,0,peakAccel,304,-0.102951383734502,-0.103317441280071
Hebrew,fd6ab5e9-b2a6-4189-a60d-c57e15c6b351,7,0,rmsAstar,304,0.446030105826294,0.479733439975778
Hebrew,fd6ab5e9-b2a6-4189-a60d-c57e15c6b351,7,0,meanJerk,304,-0.0368507246501391,-0.0368674190533565
Hebrew,fd6ab5e9-b2a6-4189-a60d-c57e15c6b351,7,0,peakJerk,304,0.0470585574295236,0.0470933408393709
Hebrew,fd6ab5e9-b2a6-4189-a60d-c57e15c6b351,7,0,rmsJstar,304,0.540778935626698,0.605255827020713
Hebrew,fd6ab5e9-b2a6-4189-a60d-c57e15c6b351,7,0,totalTurningAbs,304,0.439849478766489,0.472044161471493
Hebrew,fd6ab5e9-b2a6-4189-a60d-c57e15c6b351,7,0,peakTurningAbs,304,0.18151804579109,0.183552010481374
Hebrew,fd6ab5e9-b2a6-4189-a60d-c57e15c6b351,7,0,p95TurningAbs,304,0.0496241977536819,0.0496649922507556
Hebrew,fd6ab5e9-b2a6-4189-a60d-c57e15c6b351,7,0,meanTurning,304,0.125030842824314,0.125688546656132
Latin,7a2f0a4e-8f49-449f-9ca7-f8568eb65678,8,1,drawingTime,138,0.32014067444275,0.331803839430694
Latin,7a2f0a4e-8f49-449f-9ca7-f8568eb65678,8,1,pathLength,138,0.281755391296945,0.289587812590182
Latin,7a2f0a4e-8f49-449f-9ca7-f8568eb65678,8,1,skeletonPixelCount,138,0.375467767589911,0.394773102739035
Latin,7a2f0a4e-8f49-449f-9ca7-f8568eb65678,8,1,totalWorkProxy,138,0.331518809190271,0.344533635867359
Latin,7a2f0a4e-8f49-449f-9ca7-f8568eb65678,8,1,workPerLength,138,-0.0125694215326077,-0.0125700835444983
Latin,7a2f0a4e-8f49-449f-9ca7-f8568eb65678,8,1,meanSpeed,138,-0.0618712946040794,-0.0619504253834837
Latin,7a2f0a4e-8f49-449f-9ca7-f8568eb65678,8,1,peakSpeed,138,0.147969454415015,0.149063795530432
Latin,7a2f0a4e-8f49-449f-9ca7-f8568eb65678,8,1,rmsVstar,138,0.0870367058106278,0.0872574891379626
Latin,7a2f0a4e-8f49-449f-9ca7-f8568eb65678,8,1,meanAccel,138,-0.0731452087887372,-0.0732760768414003
Latin,7a2f0a4e-8f49-449f-9ca7-f8568eb65678,8,1,peakAccel,138,0.126151360139234,0.126827021402023
Latin,7a2f0a4e-8f49-449f-9ca7-f8568eb65678,8,1,rmsAstar,138,0.249465208906822,0.254842449328365
Latin,7a2f0a4e-8f49-449f-9ca7-f8568eb65678,8,1,meanJerk,138,-0.0331494002804362,-0.0331615507271842
Latin,7a2f0a4e-8f49-449f-9ca7-f8568eb65678,8,1,peakJerk,138,0.062356173366137,0.0624371821191511
Latin,7a2f0a4e-8f49-449f-9ca7-f8568eb65678,8,1,rmsJstar,138,0.280975687121652,0.288741075053613
Latin,7a2f0a4e-8f49-449f-9ca7-f8568eb65678,8,1,totalTurningAbs,138,0.308636749496315,0.319037925661916
Latin,7a2f0a4e-8f49-449f-9ca7-f8568eb65678,8,1,peakTurningAbs,138,0.151772494707456,0.15295422508321
Latin,7a2f0a4e-8f49-449f-9ca7-f8568eb65678,8,1,p95TurningAbs,138,0.0765133795021095,0.0766632168596489
Latin,7a2f0a4e-8f49-449f-9ca7-f8568eb65678,8,1,meanTurning,138,0.0525229716392466,0.0525713494576622
Latin,bc749f8a-5022-4c3b-9c6b-297cd6a15fab,9,1,drawingTime,136,0.186487632405776,0.188695761370448
Latin,bc749f8a-5022-4c3b-9c6b-297cd6a15fab,9,1,pathLength,136,0.222106126671168,0.225870438696478
Latin,bc749f8a-5022-4c3b-9c6b-297cd6a15fab,9,1,skeletonPixelCount,136,0.352208948431,0.367963299623221
Latin,bc749f8a-5022-4c3b-9c6b-297cd6a15fab,9,1,totalWorkProxy,136,0.229382166910922,0.233537222548894
Latin,bc749f8a-5022-4c3b-9c6b-297cd6a15fab,9,1,workPerLength,136,0.104695158181357,0.105080217638196
Latin,bc749f8a-5022-4c3b-9c6b-297cd6a15fab,9,1,meanSpeed,136,0.174813676187002,0.176627816332577
Latin,bc749f8a-5022-4c3b-9c6b-297cd6a15fab,9,1,peakSpeed,136,0.294891419348524,0.303915159246904
Latin,bc749f8a-5022-4c3b-9c6b-297cd6a15fab,9,1,rmsVstar,136,0.336888460219661,0.350578468603868
Latin,bc749f8a-5022-4c3b-9c6b-297cd6a15fab,9,1,meanAccel,136,0.174324782776413,0.176123555867558
Latin,bc749f8a-5022-4c3b-9c6b-297cd6a15fab,9,1,peakAccel,136,0.0455162557441864,0.0455477273309741
Latin,bc749f8a-5022-4c3b-9c6b-297cd6a15fab,9,1,rmsAstar,136,0.216730829215381,0.220223243690332
Latin,bc749f8a-5022-4c3b-9c6b-297cd6a15fab,9,1,meanJerk,136,0.0545493773134476,0.0546035804572061
Latin,bc749f8a-5022-4c3b-9c6b-297cd6a15fab,9,1,peakJerk,136,-0.0317641839841168,-0.0317748734222038
Latin,bc749f8a-5022-4c3b-9c6b-297cd6a15fab,9,1,rmsJstar,136,0.172348156896886,0.17408570080323
Latin,bc749f8a-5022-4c3b-9c6b-297cd6a15fab,9,1,totalTurningAbs,136,0.286766856313216,0.295039840826175
Latin,bc749f8a-5022-4c3b-9c6b-297cd6a15fab,9,1,peakTurningAbs,136,0.217460610619106,0.220989121372391
Latin,bc749f8a-5022-4c3b-9c6b-297cd6a15fab,9,1,p95TurningAbs,136,0.239040544813008,0.243756263403251
Latin,bc749f8a-5022-4c3b-9c6b-297cd6a15fab,9,1,meanTurning,136,0.209448008269153,0.212593958906723
Latin,a5c665e8-1876-4b0b-88f8-4d22ca9ff3d8,10,1,drawingTime,139,0.410190614926233,0.435840376786417
Latin,a5c665e8-1876-4b0b-88f8-4d22ca9ff3d8,10,1,pathLength,139,0.296565578086772,0.305749764624033
Latin,a5c665e8-1876-4b0b-88f8-4d22ca9ff3d8,10,1,skeletonPixelCount,139,0.366662209427701,0.384561394208606
Latin,a5c665e8-1876-4b0b-88f8-4d22ca9ff3d8,10,1,totalWorkProxy,139,0.406976519053827,0.431982186613211
Latin,a5c665e8-1876-4b0b-88f8-4d22ca9ff3d8,10,1,workPerLength,139,0.149226452431861,0.150349176685238
Latin,a5c665e8-1876-4b0b-88f8-4d22ca9ff3d8,10,1,meanSpeed,139,-0.179135344484518,-0.181089223647762
Latin,a5c665e8-1876-4b0b-88f8-4d22ca9ff3d8,10,1,peakSpeed,139,0.0947960087838717,0.0950815042944798
Latin,a5c665e8-1876-4b0b-88f8-4d22ca9ff3d8,10,1,rmsVstar,139,0.340142199849207,0.354253324557641
Latin,a5c665e8-1876-4b0b-88f8-4d22ca9ff3d8,10,1,meanAccel,139,-0.201243675058736,-0.204028385380618
Latin,a5c665e8-1876-4b0b-88f8-4d22ca9ff3d8,10,1,peakAccel,139,0.0900062008892093,0.0902504393862388
Latin,a5c665e8-1876-4b0b-88f8-4d22ca9ff3d8,10,1,rmsAstar,139,0.294508049850183,0.303495328290447
Latin,a5c665e8-1876-4b0b-88f8-4d22ca9ff3d8,10,1,meanJerk,139,-0.111202328957542,-0.111664134674667
Latin,a5c665e8-1876-4b0b-88f8-4d22ca9ff3d8,10,1,peakJerk,139,0.186722143183278,0.188938732748932
Latin,a5c665e8-1876-4b0b-88f8-4d22ca9ff3d8,10,1,rmsJstar,139,0.266135132151099,0.272699714273233
Latin,a5c665e8-1876-4b0b-88f8-4d22ca9ff3d8,10,1,totalTurningAbs,139,0.281699741604321,0.289527365159471
Latin,a5c665e8-1876-4b0b-88f8-4d22ca9ff3d8,10,1,peakTurningAbs,139,0.0565476078575399,0.0566079965730919
Latin,a5c665e8-1876-4b0b-88f8-4d22ca9ff3d8,10,1,p95TurningAbs,139,0.0684963479563126,0.0686037730989255
Latin,a5c665e8-1876-4b0b-88f8-4d22ca9ff3d8,10,1,meanTurning,139,0.128999333664822,0.129722116037331
Latin,d1608fa6-f859-4bb6-9c72-7fe17a00de72,11,1,drawingTime,139,0.232567099021242,0.236901647813414
Latin,d1608fa6-f859-4bb6-9c72-7fe17a00de72,11,1,pathLength,139,0.259785428108086,0.265878292053945
Latin,d1608fa6-f859-4bb6-9c72-7fe17a00de72,11,1,skeletonPixelCount,139,0.314223538237093,0.32522479393268
Latin,d1608fa6-f859-4bb6-9c72-7fe17a00de72,11,1,totalWorkProxy,139,0.132972653323057,0.133764803103609
Latin,d1608fa6-f859-4bb6-9c72-7fe17a00de72,11,1,workPerLength,139,-0.171851554157258,-0.173573940552316
Latin,d1608fa6-f859-4bb6-9c72-7fe17a00de72,11,1,meanSpeed,139,0.0328900818067649,0.0329019492076587
Latin,d1608fa6-f859-4bb6-9c72-7fe17a00de72,11,1,peakSpeed,139,0.113138554276888,0.113625033069265
Latin,d1608fa6-f859-4bb6-9c72-7fe17a00de72,11,1,rmsVstar,139,0.210696535800031,0.213900128366403
Latin,d1608fa6-f859-4bb6-9c72-7fe17a00de72,11,1,meanAccel,139,-0.126607034003423,-0.127290091288727
Latin,d1608fa6-f859-4bb6-9c72-7fe17a00de72,11,1,peakAccel,139,0.127531677074821,0.128229909317103
Latin,d1608fa6-f859-4bb6-9c72-7fe17a00de72,11,1,rmsAstar,139,0.142289220263219,0.143261329858783
Latin,d1608fa6-f859-4bb6-9c72-7fe17a00de72,11,1,meanJerk,139,-0.0192848347867651,-0.0192872260282569
Latin,d1608fa6-f859-4bb6-9c72-7fe17a00de72,11,1,peakJerk,139,0.0512828050061846,0.0513278327416113
Latin,d1608fa6-f859-4bb6-9c72-7fe17a00de72,11,1,rmsJstar,139,0.150377365107085,0.151526509572724
Latin,d1608fa6-f859-4bb6-9c72-7fe17a00de72,11,1,totalTurningAbs,139,0.0820112993841518,0.0821959102791193
Latin,d1608fa6-f859-4bb6-9c72-7fe17a00de72,11,1,peakTurningAbs,139,0.0358680229022797,0.0358834163703465
Latin,d1608fa6-f859-4bb6-9c72-7fe17a00de72,11,1,p95TurningAbs,139,-0.0966679190309874,-0.0969707291203458
Latin,d1608fa6-f859-4bb6-9c72-7fe17a00de72,11,1,meanTurning,139,-0.107975517123275,-0.108398095614701
Latin,e4f50c5e-b684-4501-8415-187e67bf60e1,12,1,drawingTime,137,0.205804083304228,0.208785867578552
Latin,e4f50c5e-b684-4501-8415-187e67bf60e1,12,1,pathLength,137,0.276291383985983,0.283662473942335
Latin,e4f50c5e-b684-4501-8415-187e67bf60e1,12,1,skeletonPixelCount,137,0.355947951068724,0.37223826971785
Latin,e4f50c5e-b684-4501-8415-187e67bf60e1,12,1,totalWorkProxy,137,0.206758266845853,0.209782458050444
Latin,e4f50c5e-b684-4501-8415-187e67bf60e1,12,1,workPerLength,137,-0.0859878325070071,-0.0862007063784852
Latin,e4f50c5e-b684-4501-8415-187e67bf60e1,12,1,meanSpeed,137,0.026874230889834,0.0268807034355814
Latin,e4f50c5e-b684-4501-8415-187e67bf60e1,12,1,peakSpeed,137,0.153912252363538,0.155145165762855
Latin,e4f50c5e-b684-4501-8415-187e67bf60e1,12,1,rmsVstar,137,0.0653999272672788,0.0654934090631399
Latin,e4f50c5e-b684-4501-8415-187e67bf60e1,12,1,meanAccel,137,-0.018161252885107,-0.0181632499957247
Latin,e4f50c5e-b684-4501-8415-187e67bf60e1,12,1,peakAccel,137,0.0228891755764106,0.0228931741560139
Latin,e4f50c5e-b684-4501-8415-187e67bf60e1,12,1,rmsAstar,137,0.0636010573261625,0.0636870234965007
Latin,e4f50c5e-b684-4501-8415-187e67bf60e1,12,1,meanJerk,137,0.0363371954668081,0.0363532012604068
Latin,e4f50c5e-b684-4501-8415-187e67bf60e1,12,1,peakJerk,137,0.0255616981129455,0.0255672676379325
Latin,e4f50c5e-b684-4501-8415-187e67bf60e1,12,1,rmsJstar,137,0.0847489953749978,0.0849527744461572
Latin,e4f50c5e-b684-4501-8415-187e67bf60e1,12,1,totalTurningAbs,137,0.15925413256519,0.160621326424879
Latin,e4f50c5e-b684-4501-8415-187e67bf60e1,12,1,peakTurningAbs,137,0.147513536311948,0.148597703777791
Latin,e4f50c5e-b684-4501-8415-187e67bf60e1,12,1,p95TurningAbs,137,0.090883435262833,0.0911349090145002
Latin,e4f50c5e-b684-4501-8415-187e67bf60e1,12,1,meanTurning,137,-0.00671224660670002,-0.00671234741451411
Latin,01ae97ad-9b4e-4354-b427-96a0f18b523f,13,0,drawingTime,138,0.298028136572762,0.307354125630524
Latin,01ae97ad-9b4e-4354-b427-96a0f18b523f,13,0,pathLength,138,0.557672967925181,0.629449399639123
Latin,01ae97ad-9b4e-4354-b427-96a0f18b523f,13,0,skeletonPixelCount,138,0.447317173973735,0.48134130564975
Latin,01ae97ad-9b4e-4354-b427-96a0f18b523f,13,0,totalWorkProxy,138,0.387663366122202,0.409047196697873
Latin,01ae97ad-9b4e-4354-b427-96a0f18b523f,13,0,workPerLength,138,-0.409462189112042,-0.434964909437621
Latin,01ae97ad-9b4e-4354-b427-96a0f18b523f,13,0,meanSpeed,138,0.280536832596742,0.288264668186661
Latin,01ae97ad-9b4e-4354-b427-96a0f18b523f,13,0,peakSpeed,138,0.393310990462775,0.415710940768506
Latin,01ae97ad-9b4e-4354-b427-96a0f18b523f,13,0,rmsVstar,138,0.202353685918506,0.205185517950494
Latin,01ae97ad-9b4e-4354-b427-96a0f18b523f,13,0,meanAccel,138,-0.0614369472666271,-0.0615144206846568
Latin,01ae97ad-9b4e-4354-b427-96a0f18b523f,13,0,peakAccel,138,0.140145566424822,0.141074055723495
Latin,01ae97ad-9b4e-4354-b427-96a0f18b523f,13,0,rmsAstar,138,0.0677388230037315,0.067842716803914
Latin,01ae97ad-9b4e-4354-b427-96a0f18b523f,13,0,meanJerk,138,0.00455713732034633,0.00455716886752337
Latin,01ae97ad-9b4e-4354-b427-96a0f18b523f,13,0,peakJerk,138,0.121882902532697,0.122491881267998
Latin,01ae97ad-9b4e-4354-b427-96a0f18b523f,13,0,rmsJstar,138,0.112472720510641,0.112950617260229
Latin,01ae97ad-9b4e-4354-b427-96a0f18b523f,13,0,totalTurningAbs,138,0.152468594738442,0.153666814945509
Latin,01ae97ad-9b4e-4354-b427-96a0f18b523f,13,0,peakTurningAbs,138,0.111580495181935,0.112047052161911
Latin,01ae97ad-9b4e-4354-b427-96a0f18b523f,13,0,p95TurningAbs,138,-0.00122099823185715,-0.00122099883862734
Latin,01ae97ad-9b4e-4354-b427-96a0f18b523f,13,0,meanTurning,138,-0.199554253598559,-0.20226827796701
Latin,ecf9bb43-cfcc-46d9-b669-49ed9ea2a98a,14,1,drawingTime,300,0.389857205389604,0.4116316358071
Latin,ecf9bb43-cfcc-46d9-b669-49ed9ea2a98a,14,1,pathLength,300,0.381312411877635,0.401594454100321
Latin,ecf9bb43-cfcc-46d9-b669-49ed9ea2a98a,14,1,skeletonPixelCount,300,0.368283487141271,0.386435783121941
Latin,ecf9bb43-cfcc-46d9-b669-49ed9ea2a98a,14,1,totalWorkProxy,300,0.392222205818248,0.414423556850709
Latin,ecf9bb43-cfcc-46d9-b669-49ed9ea2a98a,14,1,workPerLength,300,-0.0656266662885332,-0.0657211254422766
Latin,ecf9bb43-cfcc-46d9-b669-49ed9ea2a98a,14,1,meanSpeed,300,-0.00951895205354933,-0.00951923957468492
Latin,ecf9bb43-cfcc-46d9-b669-49ed9ea2a98a,14,1,peakSpeed,300,0.383178948931275,0.403780381995375
Latin,ecf9bb43-cfcc-46d9-b669-49ed9ea2a98a,14,1,rmsVstar,300,0.348761302554981,0.364032829406642
Latin,ecf9bb43-cfcc-46d9-b669-49ed9ea2a98a,14,1,meanAccel,300,-0.0413681158680131,-0.0413917381699155
Latin,ecf9bb43-cfcc-46d9-b669-49ed9ea2a98a,14,1,peakAccel,300,0.11630886725582,0.116837631593791
Latin,ecf9bb43-cfcc-46d9-b669-49ed9ea2a98a,14,1,rmsAstar,300,0.311768390117001,0.322502999221787
Latin,ecf9bb43-cfcc-46d9-b669-49ed9ea2a98a,14,1,meanJerk,300,0.0904176589688819,0.0906652734715152
Latin,ecf9bb43-cfcc-46d9-b669-49ed9ea2a98a,14,1,peakJerk,300,0.087672302825229,0.0878979735895788
Latin,ecf9bb43-cfcc-46d9-b669-49ed9ea2a98a,14,1,rmsJstar,300,0.33804610624253,0.351884896275048
Latin,ecf9bb43-cfcc-46d9-b669-49ed9ea2a98a,14,1,totalTurningAbs,300,0.261695067386269,0.267927230171299
Latin,ecf9bb43-cfcc-46d9-b669-49ed9ea2a98a,14,1,peakTurningAbs,300,0.252835249076003,0.258439375081039
Latin,ecf9bb43-cfcc-46d9-b669-49ed9ea2a98a,14,1,p95TurningAbs,300,0.0391181291967262,0.0391381007558427
Latin,ecf9bb43-cfcc-46d9-b669-49ed9ea2a98a,14,1,meanTurning,300,0.0175808490627543,0.0175826607316682
Greek,8e049348-5a96-4296-806e-9499b0adaac1,15,1,drawingTime,137,0.375327692363831,0.394610049484414
Greek,8e049348-5a96-4296-806e-9499b0adaac1,15,1,pathLength,137,0.501897940168438,0.551839942639261
Greek,8e049348-5a96-4296-806e-9499b0adaac1,15,1,skeletonPixelCount,137,0.821791377353391,1.1623103339648
Greek,8e049348-5a96-4296-806e-9499b0adaac1,15,1,totalWorkProxy,137,0.187523675325762,0.189769348954807
Greek,8e049348-5a96-4296-806e-9499b0adaac1,15,1,workPerLength,137,-0.0903737384961796,-0.0906209911510336
Greek,8e049348-5a96-4296-806e-9499b0adaac1,15,1,meanSpeed,137,0.070425310396558,0.0705420881474561
Greek,8e049348-5a96-4296-806e-9499b0adaac1,15,1,peakSpeed,137,0.337392785888169,0.351147469042518
Greek,8e049348-5a96-4296-806e-9499b0adaac1,15,1,rmsVstar,137,0.211713235078633,0.214964297690797
Greek,8e049348-5a96-4296-806e-9499b0adaac1,15,1,meanAccel,137,-0.0952170258822828,-0.0955063562140788
Greek,8e049348-5a96-4296-806e-9499b0adaac1,15,1,peakAccel,137,0.0915880347909485,0.0918454228613739
Greek,8e049348-5a96-4296-806e-9499b0adaac1,15,1,rmsAstar,137,0.255037990076017,0.260793949197954
Greek,8e049348-5a96-4296-806e-9499b0adaac1,15,1,meanJerk,137,-0.0189238276148505,-0.0189260870455443
Greek,8e049348-5a96-4296-806e-9499b0adaac1,15,1,peakJerk,137,-0.035109781320849,-0.0351242185714489
Greek,8e049348-5a96-4296-806e-9499b0adaac1,15,1,rmsJstar,137,0.286940350743408,0.295228891270942
Greek,8e049348-5a96-4296-806e-9499b0adaac1,15,1,totalTurningAbs,137,0.31070796982795,0.321328838788137
Greek,8e049348-5a96-4296-806e-9499b0adaac1,15,1,peakTurningAbs,137,0.10459124120481,0.104975150151639
Greek,8e049348-5a96-4296-806e-9499b0adaac1,15,1,p95TurningAbs,137,0.0411332678859757,0.0411564898836994
Greek,8e049348-5a96-4296-806e-9499b0adaac1,15,1,meanTurning,137,0.0779806648907198,0.0781393105215338
Greek,d3faa461-00ab-4921-932e-9dcfbe0a411b,16,0,drawingTime,132,0.249315602920164,0.254682921410842
Greek,d3faa461-00ab-4921-932e-9dcfbe0a411b,16,0,pathLength,132,0.780445822723673,1.04651002538285
Greek,d3faa461-00ab-4921-932e-9dcfbe0a411b,16,0,skeletonPixelCount,132,0.834160909396106,1.20166220064382
Greek,d3faa461-00ab-4921-932e-9dcfbe0a411b,16,0,totalWorkProxy,132,0.384236698291621,0.405020753557374
Greek,d3faa461-00ab-4921-932e-9dcfbe0a411b,16,0,workPerLength,132,-0.157987063277432,-0.15932155402961
Greek,d3faa461-00ab-4921-932e-9dcfbe0a411b,16,0,meanSpeed,132,0.280298506757284,0.288006002402305
Greek,d3faa461-00ab-4921-932e-9dcfbe0a411b,16,0,peakSpeed,132,0.393144099941433,0.415513524124887
Greek,d3faa461-00ab-4921-932e-9dcfbe0a411b,16,0,rmsVstar,132,0.0247128937522247,0.0247179265413396
Greek,d3faa461-00ab-4921-932e-9dcfbe0a411b,16,0,meanAccel,132,0.245556896635583,0.250679074889832
Greek,d3faa461-00ab-4921-932e-9dcfbe0a411b,16,0,peakAccel,132,0.225147660374952,0.229072086555972
Greek,d3faa461-00ab-4921-932e-9dcfbe0a411b,16,0,rmsAstar,132,0.0558364421191831,0.0558945781544727
Greek,d3faa461-00ab-4921-932e-9dcfbe0a411b,16,0,meanJerk,132,0.231863440780752,0.236157882801635
Greek,d3faa461-00ab-4921-932e-9dcfbe0a411b,16,0,peakJerk,132,0.265336088948835,0.271839959038897
Greek,d3faa461-00ab-4921-932e-9dcfbe0a411b,16,0,rmsJstar,132,0.0777634668713488,0.0779207873640405
Greek,d3faa461-00ab-4921-932e-9dcfbe0a411b,16,0,totalTurningAbs,132,0.0393042422620029,0.0393245004143206
Greek,d3faa461-00ab-4921-932e-9dcfbe0a411b,16,0,peakTurningAbs,132,0.0536460037016896,0.053697555245859
Greek,d3faa461-00ab-4921-932e-9dcfbe0a411b,16,0,p95TurningAbs,132,-0.32882696418438,-0.341512434489097
Greek,d3faa461-00ab-4921-932e-9dcfbe0a411b,16,0,meanTurning,132,-0.191947379672486,-0.194358260756255
Greek,3121f4c9-15f6-4b1d-b760-105f551d9462,17,0,drawingTime,130,0.535994124764061,0.598517937192196
Greek,3121f4c9-15f6-4b1d-b760-105f551d9462,17,0,pathLength,130,0.838365197417181,1.2156462452946
Greek,3121f4c9-15f6-4b1d-b760-105f551d9462,17,0,skeletonPixelCount,130,0.852277386106795,1.26441744788052
Greek,3121f4c9-15f6-4b1d-b760-105f551d9462,17,0,totalWorkProxy,130,0.626865633756239,0.73623596627011
Greek,3121f4c9-15f6-4b1d-b760-105f551d9462,17,0,workPerLength,130,-0.22218509795464,-0.225953509409459
Greek,3121f4c9-15f6-4b1d-b760-105f551d9462,17,0,meanSpeed,130,0.229775097950858,0.233952015834825
Greek,3121f4c9-15f6-4b1d-b760-105f551d9462,17,0,peakSpeed,130,0.525726110942352,0.584220367105933
Greek,3121f4c9-15f6-4b1d-b760-105f551d9462,17,0,rmsVstar,130,0.0879427450785974,0.0881705171998463
Greek,3121f4c9-15f6-4b1d-b760-105f551d9462,17,0,meanAccel,130,0.186816377531858,0.18903637306083
Greek,3121f4c9-15f6-4b1d-b760-105f551d9462,17,0,peakAccel,130,0.290563851058232,0.299181998797784
Greek,3121f4c9-15f6-4b1d-b760-105f551d9462,17,0,rmsAstar,130,0.204439194976321,0.207361029071637
Greek,3121f4c9-15f6-4b1d-b760-105f551d9462,17,0,meanJerk,130,0.216882089325758,0.220381964478177
Greek,3121f4c9-15f6-4b1d-b760-105f551d9462,17,0,peakJerk,130,0.37380510851866,0.39283898470598
Greek,3121f4c9-15f6-4b1d-b760-105f551d9462,17,0,rmsJstar,130,0.26630011971403,0.272877286719944
Greek,3121f4c9-15f6-4b1d-b760-105f551d9462,17,0,totalTurningAbs,130,0.238761920322709,0.24346077422037
Greek,3121f4c9-15f6-4b1d-b760-105f551d9462,17,0,peakTurningAbs,130,0.0457443607501324,0.0457763082720184
Greek,3121f4c9-15f6-4b1d-b760-105f551d9462,17,0,p95TurningAbs,130,-0.0305660642050815,-0.030575588675896
Greek,3121f4c9-15f6-4b1d-b760-105f551d9462,17,0,meanTurning,130,-0.214820350368709,-0.218219470215217
Greek,669a11d3-9cb7-4931-b310-5f42c9e3c60c,18,1,drawingTime,163,0.362007817600741,0.379194598255464
Greek,669a11d3-9cb7-4931-b310-5f42c9e3c60c,18,1,pathLength,163,0.497831709944311,0.54641925596923
Greek,669a11d3-9cb7-4931-b310-5f42c9e3c60c,18,1,skeletonPixelCount,163,0.838972135504892,1.21769232554995
Greek,669a11d3-9cb7-4931-b310-5f42c9e3c60c,18,1,totalWorkProxy,163,0.466159061049683,0.505151724570026
Greek,669a11d3-9cb7-4931-b310-5f42c9e3c60c,18,1,workPerLength,163,-0.00110132759236044,-0.00110132803763576
Greek,669a11d3-9cb7-4931-b310-5f42c9e3c60c,18,1,meanSpeed,163,0.12029223378878,0.120877542405515
Greek,669a11d3-9cb7-4931-b310-5f42c9e3c60c,18,1,peakSpeed,163,0.329535172710592,0.342306711007872
Greek,669a11d3-9cb7-4931-b310-5f42c9e3c60c,18,1,rmsVstar,163,0.207694939873142,0.210761159402296
Greek,669a11d3-9cb7-4931-b310-5f42c9e3c60c,18,1,meanAccel,163,0.0718981688089292,0.0720224433414998
Greek,669a11d3-9cb7-4931-b310-5f42c9e3c60c,18,1,peakAccel,163,0.340123730208894,0.354232438613371
Greek,669a11d3-9cb7-4931-b310-5f42c9e3c60c,18,1,rmsAstar,163,0.272792766951704,0.279878652486466
Greek,669a11d3-9cb7-4931-b310-5f42c9e3c60c,18,1,meanJerk,163,0.187316790681126,0.189554932648413
Greek,669a11d3-9cb7-4931-b310-5f42c9e3c60c,18,1,peakJerk,163,0.216596522031623,0.220082321159029
Greek,669a11d3-9cb7-4931-b310-5f42c9e3c60c,18,1,rmsJstar,163,0.255078817524544,0.260837617477196
Greek,669a11d3-9cb7-4931-b310-5f42c9e3c60c,18,1,totalTurningAbs,163,0.195892880847238,0.198457936454552
Greek,669a11d3-9cb7-4931-b310-5f42c9e3c60c,18,1,peakTurningAbs,163,0.0645440526746831,0.0646339061464011
Greek,669a11d3-9cb7-4931-b310-5f42c9e3c60c,18,1,p95TurningAbs,163,-0.0779613242648729,-0.0781198515956133
Greek,669a11d3-9cb7-4931-b310-5f42c9e3c60c,18,1,meanTurning,163,-0.0700786153281558,-0.0701936735315012
Greek,52e519d5-13e1-4e86-a07f-73e28ee3cebd,19,0,drawingTime,136,0.485629198639529,0.530324627746926
Greek,52e519d5-13e1-4e86-a07f-73e28ee3cebd,19,0,pathLength,136,0.579500231804822,0.661709919423808
Greek,52e519d5-13e1-4e86-a07f-73e28ee3cebd,19,0,skeletonPixelCount,136,0.837175228144039,1.21165493280335
Greek,52e519d5-13e1-4e86-a07f-73e28ee3cebd,19,0,totalWorkProxy,136,0.493185919598722,0.540261543149235
Greek,52e519d5-13e1-4e86-a07f-73e28ee3cebd,19,0,workPerLength,136,-0.244765595195797,-0.249837171609381
Greek,52e519d5-13e1-4e86-a07f-73e28ee3cebd,19,0,meanSpeed,136,0.248735877463343,0.254064868084873
Greek,52e519d5-13e1-4e86-a07f-73e28ee3cebd,19,0,peakSpeed,136,0.494263198242412,0.54168607051071
Greek,52e519d5-13e1-4e86-a07f-73e28ee3cebd,19,0,rmsVstar,136,0.0368432131565565,0.0368598973475605
Greek,52e519d5-13e1-4e86-a07f-73e28ee3cebd,19,0,meanAccel,136,0.0426564704831469,0.0426823709740376
Greek,52e519d5-13e1-4e86-a07f-73e28ee3cebd,19,0,peakAccel,136,0.0576989758113521,0.0577631339508501
Greek,52e519d5-13e1-4e86-a07f-73e28ee3cebd,19,0,rmsAstar,136,0.229190372099518,0.233334785159129
Greek,52e519d5-13e1-4e86-a07f-73e28ee3cebd,19,0,meanJerk,136,0.0792504552655548,0.079416997698173
Greek,52e519d5-13e1-4e86-a07f-73e28ee3cebd,19,0,peakJerk,136,0.101307514000513,0.101656244165426
Greek,52e519d5-13e1-4e86-a07f-73e28ee3cebd,19,0,rmsJstar,136,0.342397232534529,0.356805610982226
Greek,52e519d5-13e1-4e86-a07f-73e28ee3cebd,19,0,totalTurningAbs,136,0.187493200412555,0.189737763516072
Greek,52e519d5-13e1-4e86-a07f-73e28ee3cebd,19,0,peakTurningAbs,136,-0.100786067323338,-0.101129418345068
Greek,52e519d5-13e1-4e86-a07f-73e28ee3cebd,19,0,p95TurningAbs,136,-0.156586547376156,-0.157885511411669
Greek,52e519d5-13e1-4e86-a07f-73e28ee3cebd,19,0,meanTurning,136,-0.220131648881555,-0.223794458001827
Greek,b7e0a5b2-a5b0-40f9-9de4-684fdd57f38e,20,0,drawingTime,144,0.449292061943961,0.483812936199957
Greek,b7e0a5b2-a5b0-40f9-9de4-684fdd57f38e,20,0,pathLength,144,0.65254443642779,0.779717339786871
Greek,b7e0a5b2-a5b0-40f9-9de4-684fdd57f38e,20,0,skeletonPixelCount,144,0.798986965723918,1.09580461776668
Greek,b7e0a5b2-a5b0-40f9-9de4-684fdd57f38e,20,0,totalWorkProxy,144,0.496134990544463,0.544165997485161
Greek,b7e0a5b2-a5b0-40f9-9de4-684fdd57f38e,20,0,workPerLength,144,0.0795493833916645,0.0797178223294986
Greek,b7e0a5b2-a5b0-40f9-9de4-684fdd57f38e,20,0,meanSpeed,144,-0.103647964357128,-0.104021535193682
Greek,b7e0a5b2-a5b0-40f9-9de4-684fdd57f38e,20,0,peakSpeed,144,-0.0797266078257352,-0.0798961779328004
Greek,b7e0a5b2-a5b0-40f9-9de4-684fdd57f38e,20,0,rmsVstar,144,0.0676798329544234,0.0677834550660044
Greek,b7e0a5b2-a5b0-40f9-9de4-684fdd57f38e,20,0,meanAccel,144,-0.139882913237528,-0.140806150524403
Greek,b7e0a5b2-a5b0-40f9-9de4-684fdd57f38e,20,0,peakAccel,144,-0.0342586541793976,-0.0342720662433502
Greek,b7e0a5b2-a5b0-40f9-9de4-684fdd57f38e,20,0,rmsAstar,144,0.302769106367357,0.31256536809686
Greek,b7e0a5b2-a5b0-40f9-9de4-684fdd57f38e,20,0,meanJerk,144,-0.0787364422206504,-0.0788997570782582
Greek,b7e0a5b2-a5b0-40f9-9de4-684fdd57f38e,20,0,peakJerk,144,0.123507535681202,0.124141346036761
Greek,b7e0a5b2-a5b0-40f9-9de4-684fdd57f38e,20,0,rmsJstar,144,0.280351106185026,0.288063087707341
Greek,b7e0a5b2-a5b0-40f9-9de4-684fdd57f38e,20,0,totalTurningAbs,144,0.30568574392746,0.315779489726849
Greek,b7e0a5b2-a5b0-40f9-9de4-684fdd57f38e,20,0,peakTurningAbs,144,0.197672666970103,0.200309418953594
Greek,b7e0a5b2-a5b0-40f9-9de4-684fdd57f38e,20,0,p95TurningAbs,144,0.036595718669986,0.0366120687076102
Greek,b7e0a5b2-a5b0-40f9-9de4-684fdd57f38e,20,0,meanTurning,144,0.106892819127084,0.107302754974785
Greek,fcbead84-fab4-4782-b106-94004f7f1186,21,0,drawingTime,155,0.263050904787766,0.269383303332237
Greek,fcbead84-fab4-4782-b106-94004f7f1186,21,0,pathLength,155,0.69659411227879,0.860653292265266
Greek,fcbead84-fab4-4782-b106-94004f7f1186,21,0,skeletonPixelCount,155,0.853865063593761,1.27024877270262
Greek,fcbead84-fab4-4782-b106-94004f7f1186,21,0,totalWorkProxy,155,0.554250410930138,0.624495661341317
Greek,fcbead84-fab4-4782-b106-94004f7f1186,21,0,workPerLength,155,-0.317706733015355,-0.329094302776804
Greek,fcbead84-fab4-4782-b106-94004f7f1186,21,0,meanSpeed,155,0.415200044201943,0.441878170614218
Greek,fcbead84-fab4-4782-b106-94004f7f1186,21,0,peakSpeed,155,0.59877091898924,0.691228949432756
Greek,fcbead84-fab4-4782-b106-94004f7f1186,21,0,rmsVstar,155,0.0945771589094776,0.0948606745593257
Greek,fcbead84-fab4-4782-b106-94004f7f1186,21,0,meanAccel,155,0.257332166286823,0.263249271544041
Greek,fcbead84-fab4-4782-b106-94004f7f1186,21,0,peakAccel,155,0.386136049429822,0.407251004987643
Greek,fcbead84-fab4-4782-b106-94004f7f1186,21,0,rmsAstar,155,0.00551049971351086,0.00551055549108349
Greek,fcbead84-fab4-4782-b106-94004f7f1186,21,0,meanJerk,155,0.122784358627182,0.123407033149417
Greek,fcbead84-fab4-4782-b106-94004f7f1186,21,0,peakJerk,155,0.262932448976264,0.269256045801519
Greek,fcbead84-fab4-4782-b106-94004f7f1186,21,0,rmsJstar,155,0.00112802715486709,0.00112802763331839
Greek,fcbead84-fab4-4782-b106-94004f7f1186,21,0,totalTurningAbs,155,-0.0195574368147899,-0.0195599309169436
Greek,fcbead84-fab4-4782-b106-94004f7f1186,21,0,peakTurningAbs,155,0.0570299872236558,0.0570919366397127
Greek,fcbead84-fab4-4782-b106-94004f7f1186,21,0,p95TurningAbs,155,-0.26133423522602,-0.267539909155069
Greek,fcbead84-fab4-4782-b106-94004f7f1186,21,0,meanTurning,155,-0.342005583519024,-0.356362016210139
Greek,2996fed9-70f8-4b1f-b43b-f2cb6f003130,22,0,drawingTime,130,0.401715022184016,0.425692294880811
Greek,2996fed9-70f8-4b1f-b43b-f2cb6f003130,22,0,pathLength,130,0.680118773774946,0.829335004863339
Greek,2996fed9-70f8-4b1f-b43b-f2cb6f003130,22,0,skeletonPixelCount,130,0.819037869663255,1.15388760626562
Greek,2996fed9-70f8-4b1f-b43b-f2cb6f003130,22,0,totalWorkProxy,130,0.509296936393827,0.561780014964639
Greek,2996fed9-70f8-4b1f-b43b-f2cb6f003130,22,0,workPerLength,130,-0.398651081814449,-0.422044104679015
Greek,2996fed9-70f8-4b1f-b43b-f2cb6f003130,22,0,meanSpeed,130,0.372304082779746,0.391095288727042
Greek,2996fed9-70f8-4b1f-b43b-f2cb6f003130,22,0,peakSpeed,130,0.630417959053278,0.742109464726969
Greek,2996fed9-70f8-4b1f-b43b-f2cb6f003130,22,0,rmsVstar,130,0.309469991680898,0.319959158547094
Greek,2996fed9-70f8-4b1f-b43b-f2cb6f003130,22,0,meanAccel,130,0.0505730857050112,0.050616267855996
Greek,2996fed9-70f8-4b1f-b43b-f2cb6f003130,22,0,peakAccel,130,0.343543791435504,0.35810501772053
Greek,2996fed9-70f8-4b1f-b43b-f2cb6f003130,22,0,rmsAstar,130,0.13201334856948,0.13278835735514
Greek,2996fed9-70f8-4b1f-b43b-f2cb6f003130,22,0,meanJerk,130,0.0736307430439065,0.073764240254441
Greek,2996fed9-70f8-4b1f-b43b-f2cb6f003130,22,0,peakJerk,130,0.191298918257734,0.193685080518892
Greek,2996fed9-70f8-4b1f-b43b-f2cb6f003130,22,0,rmsJstar,130,0.184039581461579,0.18616069903958
Greek,2996fed9-70f8-4b1f-b43b-f2cb6f003130,22,0,totalTurningAbs,130,0.234470122275822,0.238914430764998
Greek,2996fed9-70f8-4b1f-b43b-f2cb6f003130,22,0,peakTurningAbs,130,0.158372535885434,0.159716919010495
Greek,2996fed9-70f8-4b1f-b43b-f2cb6f003130,22,0,p95TurningAbs,130,-0.00518022776955404,-0.00518027410702265
Greek,2996fed9-70f8-4b1f-b43b-f2cb6f003130,22,0,meanTurning,130,-0.201045409636691,-0.203821760078457
Greek,2189c50c-1301-4df2-b92a-9df373cafae3,23,1,drawingTime,135,0.383596476419266,0.404269855283811
Greek,2189c50c-1301-4df2-b92a-9df373cafae3,23,1,pathLength,135,0.770383891488852,1.02127143444643
Greek,2189c50c-1301-4df2-b92a-9df373cafae3,23,1,skeletonPixelCount,135,0.857001452781383,1.28194193639077
Greek,2189c50c-1301-4df2-b92a-9df373cafae3,23,1,totalWorkProxy,135,0.636880205688584,0.752907301908567
Greek,2189c50c-1301-4df2-b92a-9df373cafae3,23,1,workPerLength,135,-0.445730530770791,-0.479359527690647
Greek,2189c50c-1301-4df2-b92a-9df373cafae3,23,1,meanSpeed,135,0.483891638727652,0.528053327718016
Greek,2189c50c-1301-4df2-b92a-9df373cafae3,23,1,peakSpeed,135,0.762533852450068,1.00224133244116
Greek,2189c50c-1301-4df2-b92a-9df373cafae3,23,1,rmsVstar,135,0.256725059846579,0.262599220281426
Greek,2189c50c-1301-4df2-b92a-9df373cafae3,23,1,meanAccel,135,0.177081097770817,0.178967675187661
Greek,2189c50c-1301-4df2-b92a-9df373cafae3,23,1,peakAccel,135,0.387433701731488,0.408776941655466
Greek,2189c50c-1301-4df2-b92a-9df373cafae3,23,1,rmsAstar,135,0.0435590188816327,0.0435865997424744
Greek,2189c50c-1301-4df2-b92a-9df373cafae3,23,1,meanJerk,135,0.162761357922954,0.164221895189177
Greek,2189c50c-1301-4df2-b92a-9df373cafae3,23,1,peakJerk,135,0.206468137760251,0.209479391343007
Greek,2189c50c-1301-4df2-b92a-9df373cafae3,23,1,rmsJstar,135,0.108343614004533,0.108770549650785
Greek,2189c50c-1301-4df2-b92a-9df373cafae3,23,1,totalTurningAbs,135,0.080532996833596,0.0807077780961117
Greek,2189c50c-1301-4df2-b92a-9df373cafae3,23,1,peakTurningAbs,135,0.180815162925002,0.182825275155137
Greek,2189c50c-1301-4df2-b92a-9df373cafae3,23,1,p95TurningAbs,135,-0.0265544690769759,-0.0265607132569197
Greek,2189c50c-1301-4df2-b92a-9df373cafae3,23,1,meanTurning,135,-0.297087189817385,-0.306321773753009
Cyrillic,c9f1596e-ad12-4d54-b2dd-1adc60eaa973,24,1,drawingTime,173,0.505391629044195,0.556521041161774
Cyrillic,c9f1596e-ad12-4d54-b2dd-1adc60eaa973,24,1,pathLength,173,0.370477783283105,0.388976779722209
Cyrillic,c9f1596e-ad12-4d54-b2dd-1adc60eaa973,24,1,skeletonPixelCount,173,0.205388783612118,0.208352238420814
Cyrillic,c9f1596e-ad12-4d54-b2dd-1adc60eaa973,24,1,totalWorkProxy,173,0.376150786154121,0.39556845037971
Cyrillic,c9f1596e-ad12-4d54-b2dd-1adc60eaa973,24,1,workPerLength,173,0.025684084556835,0.0256897344854483
Cyrillic,c9f1596e-ad12-4d54-b2dd-1adc60eaa973,24,1,meanSpeed,173,-0.370750361569746,-0.389292759324134
Cyrillic,c9f1596e-ad12-4d54-b2dd-1adc60eaa973,24,1,peakSpeed,173,0.0775175068722798,0.0776733357139619
Cyrillic,c9f1596e-ad12-4d54-b2dd-1adc60eaa973,24,1,rmsVstar,173,0.420020666202936,0.447717116316081
Cyrillic,c9f1596e-ad12-4d54-b2dd-1adc60eaa973,24,1,meanAccel,173,-0.411969769454082,-0.437981324509409
Cyrillic,c9f1596e-ad12-4d54-b2dd-1adc60eaa973,24,1,peakAccel,173,-0.0629405323336985,-0.0630238436422698
Cyrillic,c9f1596e-ad12-4d54-b2dd-1adc60eaa973,24,1,rmsAstar,173,0.490830111819685,0.53715331822097
Cyrillic,c9f1596e-ad12-4d54-b2dd-1adc60eaa973,24,1,meanJerk,173,-0.289189695050115,-0.297681781382548
Cyrillic,c9f1596e-ad12-4d54-b2dd-1adc60eaa973,24,1,peakJerk,173,-0.0972749062869645,-0.0975834783556329
Cyrillic,c9f1596e-ad12-4d54-b2dd-1adc60eaa973,24,1,rmsJstar,173,0.435275593496561,0.466387162463246
Cyrillic,c9f1596e-ad12-4d54-b2dd-1adc60eaa973,24,1,totalTurningAbs,173,0.472387618373628,0.513139351963622
Cyrillic,c9f1596e-ad12-4d54-b2dd-1adc60eaa973,24,1,peakTurningAbs,173,0.26272419440278,0.269032337760355
Cyrillic,c9f1596e-ad12-4d54-b2dd-1adc60eaa973,24,1,p95TurningAbs,173,0.289800034070952,0.298347950228359
Cyrillic,c9f1596e-ad12-4d54-b2dd-1adc60eaa973,24,1,meanTurning,173,0.401708490543227,0.425684506393663
Cyrillic,34090e4c-209b-46a6-816a-36bef35182ec,25,0,drawingTime,173,0.3906535659849,0.412571071917908
Cyrillic,34090e4c-209b-46a6-816a-36bef35182ec,25,0,pathLength,173,0.0689256770526932,0.0690351387670474
Cyrillic,34090e4c-209b-46a6-816a-36bef35182ec,25,0,skeletonPixelCount,173,0.0296046744341418,0.0296133278599717
Cyrillic,34090e4c-209b-46a6-816a-36bef35182ec,25,0,totalWorkProxy,173,0.327903901025653,0.340477814503698
Cyrillic,34090e4c-209b-46a6-816a-36bef35182ec,25,0,workPerLength,173,0.463605734176544,0.501894444878787
Cyrillic,34090e4c-209b-46a6-816a-36bef35182ec,25,0,meanSpeed,173,-0.446798551454458,-0.480693140299717
Cyrillic,34090e4c-209b-46a6-816a-36bef35182ec,25,0,peakSpeed,173,-0.439966966815456,-0.472189841388206
Cyrillic,34090e4c-209b-46a6-816a-36bef35182ec,25,0,rmsVstar,173,0.350569398966565,0.366092789476534
Cyrillic,34090e4c-209b-46a6-816a-36bef35182ec,25,0,meanAccel,173,-0.445332893816575,-0.478863412623448
Cyrillic,34090e4c-209b-46a6-816a-36bef35182ec,25,0,peakAccel,173,-0.293010237351828,-0.301856055228017
Cyrillic,34090e4c-209b-46a6-816a-36bef35182ec,25,0,rmsAstar,173,0.385516374084035,0.406522949974719
Cyrillic,34090e4c-209b-46a6-816a-36bef35182ec,25,0,meanJerk,173,-0.412709725648772,-0.438872863938021
Cyrillic,34090e4c-209b-46a6-816a-36bef35182ec,25,0,peakJerk,173,-0.175908942502591,-0.17775783257016
Cyrillic,34090e4c-209b-46a6-816a-36bef35182ec,25,0,rmsJstar,173,0.254370418788476,0.260080065200657
Cyrillic,34090e4c-209b-46a6-816a-36bef35182ec,25,0,totalTurningAbs,173,0.415103252347716,0.441761222678976
Cyrillic,34090e4c-209b-46a6-816a-36bef35182ec,25,0,peakTurningAbs,173,0.223991018115018,0.227854015096869
Cyrillic,34090e4c-209b-46a6-816a-36bef35182ec,25,0,p95TurningAbs,173,0.418972147665956,0.446444677254659
Cyrillic,34090e4c-209b-46a6-816a-36bef35182ec,25,0,meanTurning,173,0.518048431330769,0.573668616540654
Cyrillic,3f230fe9-710f-4bdf-a1ab-27b346355496,26,1,drawingTime,171,0.466815175140727,0.505990327247217
Cyrillic,3f230fe9-710f-4bdf-a1ab-27b346355496,26,1,pathLength,171,0.256095041809804,0.261924866045481
Cyrillic,3f230fe9-710f-4bdf-a1ab-27b346355496,26,1,skeletonPixelCount,171,0.151718217749809,0.15289866885147
Cyrillic,3f230fe9-710f-4bdf-a1ab-27b346355496,26,1,totalWorkProxy,171,0.467648909559398,0.507056901016897
Cyrillic,3f230fe9-710f-4bdf-a1ab-27b346355496,26,1,workPerLength,171,0.431735665157166,0.462028025200053
Cyrillic,3f230fe9-710f-4bdf-a1ab-27b346355496,26,1,meanSpeed,171,-0.382648563831535,-0.403158868771991
Cyrillic,3f230fe9-710f-4bdf-a1ab-27b346355496,26,1,peakSpeed,171,-0.267399403778113,-0.274060851136049
Cyrillic,3f230fe9-710f-4bdf-a1ab-27b346355496,26,1,rmsVstar,171,0.144867118531728,0.145893490893376
Cyrillic,3f230fe9-710f-4bdf-a1ab-27b346355496,26,1,meanAccel,171,-0.145745847020471,-0.146791173083226
Cyrillic,3f230fe9-710f-4bdf-a1ab-27b346355496,26,1,peakAccel,171,-0.00664266172028688,-0.00664275942525619
Cyrillic,3f230fe9-710f-4bdf-a1ab-27b346355496,26,1,rmsAstar,171,0.494416838984021,0.5418893990712
Cyrillic,3f230fe9-710f-4bdf-a1ab-27b346355496,26,1,meanJerk,171,-0.0174106627891843,-0.0174124223474663
Cyrillic,3f230fe9-710f-4bdf-a1ab-27b346355496,26,1,peakJerk,171,0.0455359076425639,0.0455674200449461
Cyrillic,3f230fe9-710f-4bdf-a1ab-27b346355496,26,1,rmsJstar,171,0.452382322446124,0.487691546714274
Cyrillic,3f230fe9-710f-4bdf-a1ab-27b346355496,26,1,totalTurningAbs,171,0.448159725887278,0.482395114440994
Cyrillic,3f230fe9-710f-4bdf-a1ab-27b346355496,26,1,peakTurningAbs,171,0.146089602891685,0.147142407433831
Cyrillic,3f230fe9-710f-4bdf-a1ab-27b346355496,26,1,p95TurningAbs,171,-0.0466151933973591,-0.0466490020570324
Cyrillic,3f230fe9-710f-4bdf-a1ab-27b346355496,26,1,meanTurning,171,0.390650004343785,0.412566868851854
Cyrillic,8968cf19-b234-48ee-bcbe-64d0d6334e91,27,1,drawingTime,221,0.347230013724845,0.362290548075068
Cyrillic,8968cf19-b234-48ee-bcbe-64d0d6334e91,27,1,pathLength,221,0.0691742601970376,0.0692849128099038
Cyrillic,8968cf19-b234-48ee-bcbe-64d0d6334e91,27,1,skeletonPixelCount,221,0.119406633335737,0.119979035843852
Cyrillic,8968cf19-b234-48ee-bcbe-64d0d6334e91,27,1,totalWorkProxy,221,0.0628148389281543,0.0628976513221773
Cyrillic,8968cf19-b234-48ee-bcbe-64d0d6334e91,27,1,workPerLength,221,0.000983520199186519,0.000983520516310327
Cyrillic,8968cf19-b234-48ee-bcbe-64d0d6334e91,27,1,meanSpeed,221,-0.352895183686388,-0.368746935327505
Cyrillic,8968cf19-b234-48ee-bcbe-64d0d6334e91,27,1,peakSpeed,221,-0.175250441872141,-0.177078385770985
Cyrillic,8968cf19-b234-48ee-bcbe-64d0d6334e91,27,1,rmsVstar,221,0.158366053857887,0.159710270225888
Cyrillic,8968cf19-b234-48ee-bcbe-64d0d6334e91,27,1,meanAccel,221,-0.293353107650604,-0.302231168585454
Cyrillic,8968cf19-b234-48ee-bcbe-64d0d6334e91,27,1,peakAccel,221,-0.121207254918141,-0.121806102474288
Cyrillic,8968cf19-b234-48ee-bcbe-64d0d6334e91,27,1,rmsAstar,221,0.361451382969513,0.37855439395042
Cyrillic,8968cf19-b234-48ee-bcbe-64d0d6334e91,27,1,meanJerk,221,-0.235417278622857,-0.239916923332993
Cyrillic,8968cf19-b234-48ee-bcbe-64d0d6334e91,27,1,peakJerk,221,-0.09769581372316,-0.0980084242269884
Cyrillic,8968cf19-b234-48ee-bcbe-64d0d6334e91,27,1,rmsJstar,221,0.301211718335647,0.310851695728697
Cyrillic,8968cf19-b234-48ee-bcbe-64d0d6334e91,27,1,totalTurningAbs,221,0.270823378459475,0.277752158502306
Cyrillic,8968cf19-b234-48ee-bcbe-64d0d6334e91,27,1,peakTurningAbs,221,0.0789016325531338,0.0790659800615481
Cyrillic,8968cf19-b234-48ee-bcbe-64d0d6334e91,27,1,p95TurningAbs,221,0.0590092884453168,0.0590779239044791
Cyrillic,8968cf19-b234-48ee-bcbe-64d0d6334e91,27,1,meanTurning,221,0.264568994641858,0.271014949106217
Cyrillic,9cc8d0bd-cc52-4bdd-b626-1de8e407594d,28,1,drawingTime,189,0.340530100325312,0.354692040994511
Cyrillic,9cc8d0bd-cc52-4bdd-b626-1de8e407594d,28,1,pathLength,189,0.184032641462542,0.186153515747539
Cyrillic,9cc8d0bd-cc52-4bdd-b626-1de8e407594d,28,1,skeletonPixelCount,189,0.307348979985542,0.317615196330046
Cyrillic,9cc8d0bd-cc52-4bdd-b626-1de8e407594d,28,1,totalWorkProxy,189,0.292836340105605,0.301665836437978
Cyrillic,9cc8d0bd-cc52-4bdd-b626-1de8e407594d,28,1,workPerLength,189,0.281159452637651,0.28894060308076
Cyrillic,9cc8d0bd-cc52-4bdd-b626-1de8e407594d,28,1,meanSpeed,189,-0.292174626335133,-0.300942209503083
Cyrillic,9cc8d0bd-cc52-4bdd-b626-1de8e407594d,28,1,peakSpeed,189,-0.114406170512104,-0.114909272878768
Cyrillic,9cc8d0bd-cc52-4bdd-b626-1de8e407594d,28,1,rmsVstar,189,0.0800303212361797,0.0802018416541489
Cyrillic,9cc8d0bd-cc52-4bdd-b626-1de8e407594d,28,1,meanAccel,189,-0.013832572139014,-0.0138334544820034
Cyrillic,9cc8d0bd-cc52-4bdd-b626-1de8e407594d,28,1,peakAccel,189,-0.0718242071301624,-0.0719480977397556
Cyrillic,9cc8d0bd-cc52-4bdd-b626-1de8e407594d,28,1,rmsAstar,189,0.38491199516624,0.405813260173319
Cyrillic,9cc8d0bd-cc52-4bdd-b626-1de8e407594d,28,1,meanJerk,189,0.0543461346937299,0.0543997335206846
Cyrillic,9cc8d0bd-cc52-4bdd-b626-1de8e407594d,28,1,peakJerk,189,-0.137040897300761,-0.137908581156464
Cyrillic,9cc8d0bd-cc52-4bdd-b626-1de8e407594d,28,1,rmsJstar,189,0.360841852889525,0.377853440689055
Cyrillic,9cc8d0bd-cc52-4bdd-b626-1de8e407594d,28,1,totalTurningAbs,189,0.352814042865253,0.36865425524488
Cyrillic,9cc8d0bd-cc52-4bdd-b626-1de8e407594d,28,1,peakTurningAbs,189,0.112005447732998,0.11247738285005
Cyrillic,9cc8d0bd-cc52-4bdd-b626-1de8e407594d,28,1,p95TurningAbs,189,0.105439560658806,0.105832929450572
Cyrillic,9cc8d0bd-cc52-4bdd-b626-1de8e407594d,28,1,meanTurning,189,0.291175308122765,0.299849969638867
Cyrillic,bff37ed0-fad4-4e43-91c6-14e4c41949a8,29,1,drawingTime,198,0.344217360124336,0.358868920952217
Cyrillic,bff37ed0-fad4-4e43-91c6-14e4c41949a8,29,1,pathLength,198,0.131724539980415,0.132494437671514
Cyrillic,bff37ed0-fad4-4e43-91c6-14e4c41949a8,29,1,skeletonPixelCount,198,0.194997325522345,0.197526813280479
Cyrillic,bff37ed0-fad4-4e43-91c6-14e4c41949a8,29,1,totalWorkProxy,198,0.245512513760086,0.250631844629877
Cyrillic,bff37ed0-fad4-4e43-91c6-14e4c41949a8,29,1,workPerLength,198,0.217052520977889,0.220560815509409
Cyrillic,bff37ed0-fad4-4e43-91c6-14e4c41949a8,29,1,meanSpeed,198,-0.226048540505256,-0.230021275251057
Cyrillic,bff37ed0-fad4-4e43-91c6-14e4c41949a8,29,1,peakSpeed,198,-0.167348745427756,-0.168937767193679
Cyrillic,bff37ed0-fad4-4e43-91c6-14e4c41949a8,29,1,rmsVstar,198,-0.0264236370998244,-0.0264297894142569
Cyrillic,bff37ed0-fad4-4e43-91c6-14e4c41949a8,29,1,meanAccel,198,-0.103229666502151,-0.103598713312116
Cyrillic,bff37ed0-fad4-4e43-91c6-14e4c41949a8,29,1,peakAccel,198,-0.0233284715887933,-0.0233327048926852
Cyrillic,bff37ed0-fad4-4e43-91c6-14e4c41949a8,29,1,rmsAstar,198,0.381006460529333,0.401236497981895
Cyrillic,bff37ed0-fad4-4e43-91c6-14e4c41949a8,29,1,meanJerk,198,0.020148276553596,0.0201510036359607
Cyrillic,bff37ed0-fad4-4e43-91c6-14e4c41949a8,29,1,peakJerk,198,-0.0145978088951896,-0.0145988459394677
Cyrillic,bff37ed0-fad4-4e43-91c6-14e4c41949a8,29,1,rmsJstar,198,0.358172251067837,0.37478758897887
Cyrillic,bff37ed0-fad4-4e43-91c6-14e4c41949a8,29,1,totalTurningAbs,198,0.347093930346541,0.362135816187262
Cyrillic,bff37ed0-fad4-4e43-91c6-14e4c41949a8,29,1,peakTurningAbs,198,0.238221079266017,0.242887315870191
Cyrillic,bff37ed0-fad4-4e43-91c6-14e4c41949a8,29,1,p95TurningAbs,198,0.191467066869937,0.193859622146271
Cyrillic,bff37ed0-fad4-4e43-91c6-14e4c41949a8,29,1,meanTurning,198,0.225987790618281,0.229957254936806
Cyrillic,68639c82-3404-4156-b9ea-3099c881f00a,30,0,drawingTime,177,0.343608305354116,0.35817816644371
Cyrillic,68639c82-3404-4156-b9ea-3099c881f00a,30,0,pathLength,177,0.306889871047188,0.317108273202735
Cyrillic,68639c82-3404-4156-b9ea-3099c881f00a,30,0,skeletonPixelCount,177,0.271942330356294,0.278960071749649
Cyrillic,68639c82-3404-4156-b9ea-3099c881f00a,30,0,totalWorkProxy,177,0.359476030259598,0.376284044253526
Cyrillic,68639c82-3404-4156-b9ea-3099c881f00a,30,0,workPerLength,177,0.169011222406479,0.170648635684104
Cyrillic,68639c82-3404-4156-b9ea-3099c881f00a,30,0,meanSpeed,177,-0.204502166440529,-0.207426748135532
Cyrillic,68639c82-3404-4156-b9ea-3099c881f00a,30,0,peakSpeed,177,0.281854594111222,0.289695573103818
Cyrillic,68639c82-3404-4156-b9ea-3099c881f00a,30,0,rmsVstar,177,0.375936980756079,0.39531943146362
Cyrillic,68639c82-3404-4156-b9ea-3099c881f00a,30,0,meanAccel,177,-0.120233106952102,-0.120817547861131
Cyrillic,68639c82-3404-4156-b9ea-3099c881f00a,30,0,peakAccel,177,0.0176467513310239,0.0176485834522194
Cyrillic,68639c82-3404-4156-b9ea-3099c881f00a,30,0,rmsAstar,177,0.323172507745007,0.335185559272627
Cyrillic,68639c82-3404-4156-b9ea-3099c881f00a,30,0,meanJerk,177,-0.0710557185670142,-0.0711756669070642
Cyrillic,68639c82-3404-4156-b9ea-3099c881f00a,30,0,peakJerk,177,0.0510211687004768,0.0510655100603387
Cyrillic,68639c82-3404-4156-b9ea-3099c881f00a,30,0,rmsJstar,177,0.264600797270335,0.271049145670926
Cyrillic,68639c82-3404-4156-b9ea-3099c881f00a,30,0,totalTurningAbs,177,0.312458531899042,0.323267627131797
Cyrillic,68639c82-3404-4156-b9ea-3099c881f00a,30,0,peakTurningAbs,177,0.124239842928401,0.124885065463997
Cyrillic,68639c82-3404-4156-b9ea-3099c881f00a,30,0,p95TurningAbs,177,0.156770720082431,0.158074319003987
Cyrillic,68639c82-3404-4156-b9ea-3099c881f00a,30,0,meanTurning,177,0.1850530602838,0.187209911349413
Cyrillic,f398992c-cd6e-4b3a-a89e-9f48c84346ac,31,0,drawingTime,175,0.250850525070804,0.256320244686027
Cyrillic,f398992c-cd6e-4b3a-a89e-9f48c84346ac,31,0,pathLength,175,0.117317221472053,0.117859935532423
Cyrillic,f398992c-cd6e-4b3a-a89e-9f48c84346ac,31,0,skeletonPixelCount,175,0.105932049488055,0.106330981274911
Cyrillic,f398992c-cd6e-4b3a-a89e-9f48c84346ac,31,0,totalWorkProxy,175,0.247844002701993,0.253114398814822
Cyrillic,f398992c-cd6e-4b3a-a89e-9f48c84346ac,31,0,workPerLength,175,0.273263056771941,0.280386823544749
Cyrillic,f398992c-cd6e-4b3a-a89e-9f48c84346ac,31,0,meanSpeed,175,-0.27308996881306,-0.280199777173653
Cyrillic,f398992c-cd6e-4b3a-a89e-9f48c84346ac,31,0,peakSpeed,175,0.121099480094633,0.12169672215114
Cyrillic,f398992c-cd6e-4b3a-a89e-9f48c84346ac,31,0,rmsVstar,175,0.285998936820011,0.294203313338547
Cyrillic,f398992c-cd6e-4b3a-a89e-9f48c84346ac,31,0,meanAccel,175,-0.166187061793834,-0.167742850956842
Cyrillic,f398992c-cd6e-4b3a-a89e-9f48c84346ac,31,0,peakAccel,175,0.0304105424965033,0.0304199222693743
Cyrillic,f398992c-cd6e-4b3a-a89e-9f48c84346ac,31,0,rmsAstar,175,0.264190860202332,0.270608398065556
Cyrillic,f398992c-cd6e-4b3a-a89e-9f48c84346ac,31,0,meanJerk,175,-0.122881777279425,-0.123505944167484
Cyrillic,f398992c-cd6e-4b3a-a89e-9f48c84346ac,31,0,peakJerk,175,-0.145160461993585,-0.146193135585609
Cyrillic,f398992c-cd6e-4b3a-a89e-9f48c84346ac,31,0,rmsJstar,175,0.179014334054814,0.180964204116813
Cyrillic,f398992c-cd6e-4b3a-a89e-9f48c84346ac,31,0,totalTurningAbs,175,0.302928710242702,0.312741088612297
Cyrillic,f398992c-cd6e-4b3a-a89e-9f48c84346ac,31,0,peakTurningAbs,175,0.176311524063886,0.178173299776008
Cyrillic,f398992c-cd6e-4b3a-a89e-9f48c84346ac,31,0,p95TurningAbs,175,0.0882007446200482,0.0884305335943331
Cyrillic,f398992c-cd6e-4b3a-a89e-9f48c84346ac,31,0,meanTurning,175,0.25489498363307,0.260640999836434
Cyrillic,75453ba9-1c6f-4ce9-9b62-46a66755d722,32,0,drawingTime,200,0.523394741012668,0.58100395340347
Cyrillic,75453ba9-1c6f-4ce9-9b62-46a66755d722,32,0,pathLength,200,0.305809474414349,0.315915979496063
Cyrillic,75453ba9-1c6f-4ce9-9b62-46a66755d722,32,0,skeletonPixelCount,200,0.222063251780278,0.225825339437556
Cyrillic,75453ba9-1c6f-4ce9-9b62-46a66755d722,32,0,totalWorkProxy,200,0.429291125802597,0.459027328515517
Cyrillic,75453ba9-1c6f-4ce9-9b62-46a66755d722,32,0,workPerLength,200,0.306916566655179,0.317137744720807
Cyrillic,75453ba9-1c6f-4ce9-9b62-46a66755d722,32,0,meanSpeed,200,-0.421741080605561,-0.44980789341789
Cyrillic,75453ba9-1c6f-4ce9-9b62-46a66755d722,32,0,peakSpeed,200,0.0268466170382894,0.0268530696467435
Cyrillic,75453ba9-1c6f-4ce9-9b62-46a66755d722,32,0,rmsVstar,200,0.235847404516813,0.240372334868312
Cyrillic,75453ba9-1c6f-4ce9-9b62-46a66755d722,32,0,meanAccel,200,-0.275451420318517,-0.282753318934153
Cyrillic,75453ba9-1c6f-4ce9-9b62-46a66755d722,32,0,peakAccel,200,0.0665258519898949,0.0666242543313313
Cyrillic,75453ba9-1c6f-4ce9-9b62-46a66755d722,32,0,rmsAstar,200,0.617077814223922,0.720272091382696
Cyrillic,75453ba9-1c6f-4ce9-9b62-46a66755d722,32,0,meanJerk,200,0.0415764086121866,0.0416003897848881
Cyrillic,75453ba9-1c6f-4ce9-9b62-46a66755d722,32,0,peakJerk,200,0.119341524340647,0.119912985621798
Cyrillic,75453ba9-1c6f-4ce9-9b62-46a66755d722,32,0,rmsJstar,200,0.574899876863776,0.654811126982501
Cyrillic,75453ba9-1c6f-4ce9-9b62-46a66755d722,32,0,totalTurningAbs,200,0.50617757299451,0.557577159350034
Cyrillic,75453ba9-1c6f-4ce9-9b62-46a66755d722,32,0,peakTurningAbs,200,0.204127425953074,0.207035682801823
Cyrillic,75453ba9-1c6f-4ce9-9b62-46a66755d722,32,0,p95TurningAbs,200,0.136963187739463,0.1378293851204
Cyrillic,75453ba9-1c6f-4ce9-9b62-46a66755d722,32,0,meanTurning,200,0.399768801118671,0.423373723721941
Latin Capitals,a2a7afb9-61be-4f6d-a958-f08aa76d5ccc,33,0,drawingTime,272,0.0307121998706795,0.0307218616564538
Latin Capitals,a2a7afb9-61be-4f6d-a958-f08aa76d5ccc,33,0,pathLength,272,0.0873962931157063,0.0876198326922213
Latin Capitals,a2a7afb9-61be-4f6d-a958-f08aa76d5ccc,33,0,skeletonPixelCount,272,-0.0106329793758719,-0.0106333801254945
Latin Capitals,a2a7afb9-61be-4f6d-a958-f08aa76d5ccc,33,0,totalWorkProxy,272,0.142195007579582,0.14316517162289
Latin Capitals,a2a7afb9-61be-4f6d-a958-f08aa76d5ccc,33,0,workPerLength,272,0.0556349799802023,0.0556924882286117
Latin Capitals,a2a7afb9-61be-4f6d-a958-f08aa76d5ccc,33,0,meanSpeed,272,0.0226158617247101,0.0226197187410001
Latin Capitals,a2a7afb9-61be-4f6d-a958-f08aa76d5ccc,33,0,peakSpeed,272,0.0898605837020265,0.0901036348414203
Latin Capitals,a2a7afb9-61be-4f6d-a958-f08aa76d5ccc,33,0,rmsVstar,272,0.0410622417927551,0.0410853436226028
Latin Capitals,a2a7afb9-61be-4f6d-a958-f08aa76d5ccc,33,0,meanAccel,272,0.057619285606503,0.057683177926129
Latin Capitals,a2a7afb9-61be-4f6d-a958-f08aa76d5ccc,33,0,peakAccel,272,0.148303701645563,0.149405542205826
Latin Capitals,a2a7afb9-61be-4f6d-a958-f08aa76d5ccc,33,0,rmsAstar,272,-0.00249358944908495,-0.00249359461747427
Latin Capitals,a2a7afb9-61be-4f6d-a958-f08aa76d5ccc,33,0,meanJerk,272,0.0641759148587226,0.0642642370802138
Latin Capitals,a2a7afb9-61be-4f6d-a958-f08aa76d5ccc,33,0,peakJerk,272,0.0353251219107444,0.0353398265740816
Latin Capitals,a2a7afb9-61be-4f6d-a958-f08aa76d5ccc,33,0,rmsJstar,272,-0.0274726196959563,-0.027479534433465
Latin Capitals,a2a7afb9-61be-4f6d-a958-f08aa76d5ccc,33,0,totalTurningAbs,272,0.00887832540005503,0.00887855868808776
Latin Capitals,a2a7afb9-61be-4f6d-a958-f08aa76d5ccc,33,0,peakTurningAbs,272,0.16644369569273,0.168006785499318
Latin Capitals,a2a7afb9-61be-4f6d-a958-f08aa76d5ccc,33,0,p95TurningAbs,272,-0.0368716605228687,-0.0368883834113562
Latin Capitals,a2a7afb9-61be-4f6d-a958-f08aa76d5ccc,33,0,meanTurning,272,-0.0250216519130835,-0.0250268757530611
Latin Capitals,b9a10574-b06b-4452-8e34-e7e7defb6fff,34,1,drawingTime,146,0.0432714010665972,0.0432984387764642
Latin Capitals,b9a10574-b06b-4452-8e34-e7e7defb6fff,34,1,pathLength,146,0.121761103762932,0.122368247701712
Latin Capitals,b9a10574-b06b-4452-8e34-e7e7defb6fff,34,1,skeletonPixelCount,146,0.0222484811102463,0.022252153162544
Latin Capitals,b9a10574-b06b-4452-8e34-e7e7defb6fff,34,1,totalWorkProxy,146,0.136607033887612,0.13746644051032
Latin Capitals,b9a10574-b06b-4452-8e34-e7e7defb6fff,34,1,workPerLength,146,0.0505542783668283,0.0505974123101034
Latin Capitals,b9a10574-b06b-4452-8e34-e7e7defb6fff,34,1,meanSpeed,146,0.0938133896149519,0.0940900678253353
Latin Capitals,b9a10574-b06b-4452-8e34-e7e7defb6fff,34,1,peakSpeed,146,0.115450267806163,0.115967345825917
Latin Capitals,b9a10574-b06b-4452-8e34-e7e7defb6fff,34,1,rmsVstar,146,-0.0338185412640264,-0.033831442803
Latin Capitals,b9a10574-b06b-4452-8e34-e7e7defb6fff,34,1,meanAccel,146,0.0744531912778236,0.0745912222272419
Latin Capitals,b9a10574-b06b-4452-8e34-e7e7defb6fff,34,1,peakAccel,146,0.0133123003911688,0.013313086864959
Latin Capitals,b9a10574-b06b-4452-8e34-e7e7defb6fff,34,1,rmsAstar,146,0.0189770819574953,0.0189793605197577
Latin Capitals,b9a10574-b06b-4452-8e34-e7e7defb6fff,34,1,meanJerk,146,0.039816148888394,0.0398372094462653
Latin Capitals,b9a10574-b06b-4452-8e34-e7e7defb6fff,34,1,peakJerk,146,0.0569981886212597,0.0570600343354852
Latin Capitals,b9a10574-b06b-4452-8e34-e7e7defb6fff,34,1,rmsJstar,146,0.00284244963737696,0.00284245729262357
Latin Capitals,b9a10574-b06b-4452-8e34-e7e7defb6fff,34,1,totalTurningAbs,146,-0.00733597024301786,-0.00733610184591559
Latin Capitals,b9a10574-b06b-4452-8e34-e7e7defb6fff,34,1,peakTurningAbs,146,0.0176197301336235,0.0176215538504713
Latin Capitals,b9a10574-b06b-4452-8e34-e7e7defb6fff,34,1,p95TurningAbs,146,-0.0812892538095542,-0.0814690186545122
Latin Capitals,b9a10574-b06b-4452-8e34-e7e7defb6fff,34,1,meanTurning,146,-0.0715170534461301,-0.071639358157039
Aramaic,80684b16-9d12-43bc-a6d0-bc2d4f899dc3,35,0,drawingTime,155,0.129783397131396,0.130519529951313
Aramaic,80684b16-9d12-43bc-a6d0-bc2d4f899dc3,35,0,pathLength,155,0.167457807903127,0.169049974140615
Aramaic,80684b16-9d12-43bc-a6d0-bc2d4f899dc3,35,0,skeletonPixelCount,155,0.216609613713708,0.220096057298023
Aramaic,80684b16-9d12-43bc-a6d0-bc2d4f899dc3,35,0,totalWorkProxy,155,0.072338375068001,0.0724649511107529
Aramaic,80684b16-9d12-43bc-a6d0-bc2d4f899dc3,35,0,workPerLength,155,-0.309218751192701,-0.319681331712321
Aramaic,80684b16-9d12-43bc-a6d0-bc2d4f899dc3,35,0,meanSpeed,155,0.0381540408346121,0.0381725710268263
Aramaic,80684b16-9d12-43bc-a6d0-bc2d4f899dc3,35,0,peakSpeed,155,0.158661181360505,0.160013004401466
Aramaic,80684b16-9d12-43bc-a6d0-bc2d4f899dc3,35,0,rmsVstar,155,0.0675063668746471,0.0676091928116632
Aramaic,80684b16-9d12-43bc-a6d0-bc2d4f899dc3,35,0,meanAccel,155,-0.203783327705162,-0.206676649558223
Aramaic,80684b16-9d12-43bc-a6d0-bc2d4f899dc3,35,0,peakAccel,155,-0.00840359271205742,-0.00840379054205019
Aramaic,80684b16-9d12-43bc-a6d0-bc2d4f899dc3,35,0,rmsAstar,155,0.0662821133577578,0.0663794361750142
Aramaic,80684b16-9d12-43bc-a6d0-bc2d4f899dc3,35,0,meanJerk,155,-0.13457267276929,-0.135393977197411
Aramaic,80684b16-9d12-43bc-a6d0-bc2d4f899dc3,35,0,peakJerk,155,-0.0293188578154552,-0.0293272629362177
Aramaic,80684b16-9d12-43bc-a6d0-bc2d4f899dc3,35,0,rmsJstar,155,0.0337046656872032,0.0337174372773255
Aramaic,80684b16-9d12-43bc-a6d0-bc2d4f899dc3,35,0,totalTurningAbs,155,0.0724750772535609,0.0726023737669624
Aramaic,80684b16-9d12-43bc-a6d0-bc2d4f899dc3,35,0,peakTurningAbs,155,0.0226926842691978,0.0226965807323359
Aramaic,80684b16-9d12-43bc-a6d0-bc2d4f899dc3,35,0,p95TurningAbs,155,0.0432598234718956,0.0432868394688653
Aramaic,80684b16-9d12-43bc-a6d0-bc2d4f899dc3,35,0,meanTurning,155,-0.0695332717753443,-0.0696456595641553
